0.000000000000000000e+00,0.000000000000000000e+00,1.499999999999999944e-01,0.000000000000000000e+00,0.000000000000000000e+00,0.000000000000000000e+00,1.000000000000000000e+00,2.999999999999999889e-01,0.000000000000000000e+00,0.000000000000000000e+00,0.000000000000000000e+00,0.000000000000000000e+00,0.000000000000000000e+00,1.663270095788817460e-01,-2.230299999999999991e-02,-1.499999999999999944e-01,1.977099042111829519e-02,2.229700000000000085e-02,-1.495562215119811411e-01,-1.299790095788816990e-01,-2.230299999999999991e-02,-1.495562215119811411e-01,1.657700957888173787e-02,2.229700000000000085e-02,-1.499999999999999944e-01,5.034247205301335404e-01,-2.040391708230936130e-01,-8.999999916642519304e-01,-4.115118237170931614e-01,7.529588667921032208e-01,-8.999999938239895414e-01,4.114717050250549235e-01,7.529588667921078837e-01,-8.999999938239900965e-01,-5.034647205300424311e-01,-2.040391708230702150e-01,-8.999999916642520414e-01,-5.056330619120363856e-02,1.430648864234856932e-01,-4.944322729016903395e-10,4.585326541707290815e-02,-4.826874992522767194e-01,-3.826622352320896425e-08,-4.590970659040516377e-02,-4.826874992522711683e-01,-3.826621242097871800e-08,5.056330619116478076e-02,1.430648864234662643e-01,-4.944322729016903395e-10
6.060606060606060601e-03,0.000000000000000000e+00,1.499999999999999944e-01,0.000000000000000000e+00,0.000000000000000000e+00,0.000000000000000000e+00,1.000000000000000000e+00,2.999999999999999889e-01,0.000000000000000000e+00,0.000000000000000000e+00,0.000000000000000000e+00,0.000000000000000000e+00,0.000000000000000000e+00,1.657487768456952226e-01,-2.230299999999999991e-02,-1.499999999999999944e-01,2.212401100802066645e-02,2.229700000000000085e-02,-1.454633065683166027e-01,-1.276259889919793555e-01,-2.230299999999999991e-02,-1.454633065683166027e-01,1.599877684569521452e-02,2.229700000000000085e-02,-1.499999999999999944e-01,5.024134544063094676e-01,-2.011778730946238991e-01,-8.999999916741405759e-01,-4.105947584087517033e-01,7.433051168070576864e-01,-8.999999945893140119e-01,4.105535108932468202e-01,7.433051168070624604e-01,-8.999999945893143449e-01,-5.024534544062191355e-01,-2.011778730946008897e-01,-8.999999916741406869e-01,-9.236106692069312452e-02,2.639790009133835547e-01,-9.192202554686446092e-10,1.363345692059175773e-01,-1.571915360387321492e+00,-2.127577447552653211e-07,-1.364692547634299702e-01,-1.571915360387371452e+00,-2.127576781418838436e-07,9.236106692062096002e-02,2.639790009133627380e-01,-9.192202554686446092e-10
1.212121212121212120e-02,0.000000000000000000e+00,1.499999999999999944e-01,0.000000000000000000e+00,0.000000000000000000e+00,0.000000000000000000e+00,1.000000000000000000e+00,2.999999999999999889e-01,0.000000000000000000e+00,0.000000000000000000e+00,0.000000000000000000e+00,0.000000000000000000e+00,0.000000000000000000e+00,1.646865494102411898e-01,-2.230299999999999991e-02,-1.499999999999999944e-01,2.832977952406974531e-02,2.229700000000000085e-02,-1.365460286259627676e-01,-1.214202204759302628e-01,-2.230299999999999991e-02,-1.365460286259627676e-01,1.493654941024119553e-02,2.229700000000000085e-02,-1.499999999999999944e-01,5.005662330678956051e-01,-1.958982930763562280e-01,-8.999999916925249810e-01,-4.078680670246333517e-01,7.118668095993112566e-01,-8.999999988444689070e-01,4.078241257979782208e-01,7.118668095993150313e-01,-8.999999988444679078e-01,-5.006062330678067163e-01,-1.958982930763336350e-01,-8.999999916925250920e-01,-1.426133570971654940e-01,4.145254917543847450e-01,-1.461647469724880466e-09,-2.110309275169475196e-01,-8.314469236248789308e-01,-4.835256637885692932e+00,2.108159562737438320e-01,-8.314469236085975101e-01,-4.835256637914620015e+00,1.426133570970627984e-01,4.145254917543389483e-01,-1.461641918609757340e-09
1.818181818181818094e-02,0.000000000000000000e+00,1.499999999999999944e-01,0.000000000000000000e+00,0.000000000000000000e+00,0.000000000000000000e+00,1.000000000000000000e+00,2.999999999999999889e-01,0.000000000000000000e+00,0.000000000000000000e+00,0.000000000000000000e+00,0.000000000000000000e+00,0.000000000000000000e+00,1.630307017482658938e-01,-2.230299999999999991e-02,-1.499999999999999944e-01,3.916609226645065278e-02,2.229700000000000085e-02,-1.243764293399105686e-01,-1.105839077335493553e-01,-2.230299999999999991e-02,-1.243764293399105686e-01,1.328070174826588568e-02,2.229700000000000085e-02,-1.499999999999999944e-01,4.977139659259522952e-01,-1.876077832412685331e-01,-8.999999917217579304e-01,-4.120886855749723021e-01,6.952378711268136779e-01,-9.967051316021827700e-01,4.120404449234530975e-01,6.952378711271430811e-01,-9.967051316027603081e-01,-4.977539659258654603e-01,-1.876077832412468560e-01,-8.999999917217579304e-01,-2.018710757227315522e-01,6.017675133256392694e-01,-2.161670842326657294e-09,-2.472654759072892450e+00,4.922705707087987825e+00,-2.055364739602893565e+01,2.472384930998863695e+00,4.922705707075897053e+00,-2.055364739600754120e+01,2.018710757225899988e-01,6.017675133255850906e-01,-2.161676393441780419e-09
2.424242424242424240e-02,0.000000000000000000e+00,1.499999999999999944e-01,0.000000000000000000e+00,0.000000000000000000e+00,0.000000000000000000e+00,1.000000000000000000e+00,2.999999999999999889e-01,0.000000000000000000e+00,0.000000000000000000e+00,0.000000000000000000e+00,0.000000000000000000e+00,0.000000000000000000e+00,1.606528082924043588e-01,-2.230299999999999991e-02,-1.499999999999999944e-01,5.482879845571943245e-02,2.229700000000000085e-02,-1.118626350800971669e-01,-9.492120154428057566e-02,-2.230299999999999991e-02,-1.118626350800971669e-01,1.090280829240435068e-02,2.229700000000000085e-02,-1.499999999999999944e-01,4.936765444114976642e-01,-1.755724329747557488e-01,-8.999999917649913472e-01,-4.615417807564301533e-01,7.936919852685734300e-01,-1.407778079522761461e+00,4.614881435434303736e-01,7.936919852686610266e-01,-1.407778079522911119e+00,-4.937165444114136603e-01,-1.755724329747351542e-01,-8.999999917649914583e-01,-2.710612394157763116e-01,8.374952644043989203e-01,-3.087569089288422219e-09,-2.259951074882893263e+00,-5.293886482768517254e+00,-9.598683556272479933e+00,2.259710176476609433e+00,-5.293886482767113044e+00,-9.598683556276832007e+00,2.710612394155792471e-01,8.374952644043351935e-01,-3.087569089288422219e-09
3.030303030303030387e-02,0.000000000000000000e+00,1.499999999999999944e-01,0.000000000000000000e+00,0.000000000000000000e+00,0.000000000000000000e+00,1.000000000000000000e+00,2.999999999999999889e-01,0.000000000000000000e+00,0.000000000000000000e+00,0.000000000000000000e+00,0.000000000000000000e+00,0.000000000000000000e+00,1.573929534433367028e-01,-2.230299999999999991e-02,-1.499999999999999944e-01,7.481086409721965369e-02,2.229700000000000085e-02,-1.026427402973500713e-01,-7.493913590278035441e-02,-2.230299999999999991e-02,-1.026427402973500713e-01,7.642953443336680808e-03,2.229700000000000085e-02,-1.499999999999999944e-01,4.882553196231821380e-01,-1.588225276866677693e-01,-8.999999918267427290e-01,-5.067408022540880186e-01,6.878142556132030849e-01,-1.599751750648211068e+00,5.066823470729625578e-01,6.878142556133187702e-01,-1.599751750648447768e+00,-4.882953196231020754e-01,-1.588225276866484514e-01,-8.999999918267428400e-01,-3.502732006772202311e-01,1.136971821312946052e+00,-4.395367403375871618e-09,-6.868641582549794844e-01,-1.511788362846014344e+01,5.200915127131677806e+00,6.867921027739143369e-01,-1.511788362846086997e+01,5.200915127129757565e+00,3.502732006769926354e-01,1.136971821312861231e+00,-4.395378505606117869e-09
3.636363636363636187e-02,0.000000000000000000e+00,1.499999999999999944e-01,0.000000000000000000e+00,0.000000000000000000e+00,0.000000000000000000e+00,1.000000000000000000e+00,2.999999999999999889e-01,0.000000000000000000e+00,0.000000000000000000e+00,0.000000000000000000e+00,0.000000000000000000e+00,0.000000000000000000e+00,1.530557810136760621e-01,-2.230299999999999991e-02,-1.499999999999999944e-01,9.773031168496772170e-02,2.229700000000000085e-02,-1.001731475612729072e-01,-5.201968831503229335e-02,-2.230299999999999991e-02,-1.001731475612729072e-01,3.305781013676060975e-03,2.229700000000000085e-02,-1.499999999999999944e-01,4.812498556096377333e-01,-1.360830912604088505e-01,-8.999999919146500771e-01,-5.204780854191876083e-01,3.854565830440002117e-01,-1.495733448105577512e+00,5.204181891284408445e-01,3.854565830441013530e-01,-1.495733448105852625e+00,-4.812898556095622227e-01,-1.360830912603912257e-01,-8.999999919146504102e-01,-4.386011209289886192e-01,1.522174050705853210e+00,-6.088768378376130386e-09,1.657271042120728177e+00,-2.147920753148060058e+01,2.367509236596542266e+01,-1.657096249372419505e+00,-2.147920753147649009e+01,2.367509236595850552e+01,4.386011209287332679e-01,1.522174050705750403e+00,-6.088762827261007260e-09
4.242424242424242681e-02,0.000000000000000000e+00,1.499999999999999944e-01,0.000000000000000000e+00,0.000000000000000000e+00,0.000000000000000000e+00,1.000000000000000000e+00,2.999999999999999889e-01,0.000000000000000000e+00,0.000000000000000000e+00,0.000000000000000000e+00,0.000000000000000000e+00,0.000000000000000000e+00,1.473993962438412964e-01,-2.230299999999999991e-02,-1.499999999999999944e-01,1.212691735868312998e-01,2.229700000000000085e-02,-1.063821563567148298e-01,-2.848082641316870833e-02,-2.230299999999999991e-02,-1.063821563567148298e-01,-2.350603756158697877e-03,2.229700000000000085e-02,-1.499999999999999944e-01,4.724778331910579610e-01,-1.056396102462917874e-01,-8.999999920364254447e-01,-4.873326645767730447e-01,-4.412756758561180159e-02,-1.022231600786269068e+00,4.872762641409924544e-01,-4.412756758542848295e-02,-1.022231600786682515e+00,-4.725178331909875573e-01,-1.056396102462762165e-01,-8.999999920364256667e-01,-5.320971639508981221e-01,2.020969086676741799e+00,-8.568090681393414343e-09,-5.817914742738017342e-01,-7.350840098465455164e+00,6.111580284577922129e+00,5.821135330038806899e-01,-7.350840098476534301e+00,6.111580284598994162e+00,5.320971639506150153e-01,2.020969086676629445e+00,-8.568085130278291217e-09
4.848484848484848481e-02,0.000000000000000000e+00,1.499999999999999944e-01,0.000000000000000000e+00,0.000000000000000000e+00,0.000000000000000000e+00,1.000000000000000000e+00,2.999999999999999889e-01,0.000000000000000000e+00,0.000000000000000000e+00,0.000000000000000000e+00,0.000000000000000000e+00,0.000000000000000000e+00,1.401347359127120273e-01,-2.230299999999999991e-02,-1.499999999999999944e-01,1.422684522206051905e-01,2.229700000000000085e-02,-1.200978525676100889e-01,-7.481547779394831510e-03,-2.230299999999999991e-02,-1.200978525676100889e-01,-9.615264087287966888e-03,2.229700000000000085e-02,-1.499999999999999944e-01,4.618358899120399985e-01,-6.522022851275695310e-02,-8.999999922077872583e-01,-4.989684940622490794e-01,-1.911443695549209232e-01,-8.999999950947106253e-01,4.989185348010700682e-01,-1.911443695549591704e-01,-8.999999950947026317e-01,-4.618758899119752570e-01,-6.522022851274363042e-02,-8.999999922077873693e-01,-6.190775325434411114e-01,2.655552933898612356e+00,-1.207917654788559503e-08,-3.525502080466313970e-01,-1.001428466884203505e+00,1.385069225978696750e-07,3.528443480014242795e-01,-1.001428466883751200e+00,1.385065340198110562e-07,6.190775325431469023e-01,2.655552933898497781e+00,-1.207917099677047190e-08
5.454545454545454281e-02,0.000000000000000000e+00,1.499999999999999944e-01,0.000000000000000000e+00,0.000000000000000000e+00,0.000000000000000000e+00,1.000000000000000000e+00,2.999999999999999889e-01,0.000000000000000000e+00,0.000000000000000000e+00,0.000000000000000000e+00,0.000000000000000000e+00,0.000000000000000000e+00,1.309704249231450346e-01,-2.230299999999999991e-02,-1.499999999999999944e-01,1.574434071402741608e-01,2.229700000000000085e-02,-1.361270778310373630e-01,7.693407140274166611e-03,-2.230299999999999991e-02,-1.361270778310373630e-01,-1.877957507685495964e-02,2.229700000000000085e-02,-1.499999999999999944e-01,4.494543392611711763e-01,-1.210916983478470613e-02,-8.999999924493707892e-01,-5.060194982231817074e-01,-2.111729388926049944e-01,-8.999999923245721734e-01,5.059754217610985538e-01,-2.111729388926341933e-01,-8.999999923245719513e-01,-4.494943392611123190e-01,-1.210916983477367675e-02,-8.999999924493707892e-01,-6.757198996032387495e-01,3.416726592905551474e+00,-1.676372929360070430e-08,6.048089748953988654e-02,1.679996975177858176e-01,2.842365787181222458e-08,-6.031508898434734256e-02,1.679996975180203522e-01,2.842365232069710146e-08,6.757198996029695204e-01,3.416726592905444004e+00,-1.676375149806119680e-08
6.060606060606060774e-02,0.000000000000000000e+00,1.499999999999999944e-01,0.000000000000000000e+00,0.000000000000000000e+00,0.000000000000000000e+00,1.000000000000000000e+00,2.999999999999999889e-01,0.000000000000000000e+00,0.000000000000000000e+00,0.000000000000000000e+00,0.000000000000000000e+00,0.000000000000000000e+00,1.197292074742847129e-01,-2.230299999999999991e-02,-1.499999999999999944e-01,1.650211652876090174e-01,2.229700000000000085e-02,-1.472020855234223435e-01,1.527116528760899539e-02,-2.230299999999999991e-02,-1.472020855234223435e-01,-3.002079252571529522e-02,2.229700000000000085e-02,-1.499999999999999944e-01,4.359399412691064013e-01,5.622536202332632793e-02,-8.999999927846453751e-01,-5.048098802733909096e-01,-2.078129449422492780e-01,-8.999999917560990159e-01,5.047691199814116070e-01,-2.078129449422737862e-01,-8.999999917560989049e-01,-4.359799412690529286e-01,5.622536202333520278e-02,-8.999999927846458192e-01,-6.684712629657391103e-01,4.225261367493076570e+00,-2.155425837813140788e-08,4.772771230416861243e-02,1.336999919555340033e-01,4.776817830176582902e-09,-4.768973422782929461e-02,1.336999919555950656e-01,4.776817830176582902e-09,6.684712629654920857e-01,4.225261367492957554e+00,-2.155424727590116163e-08
6.666666666666666574e-02,0.000000000000000000e+00,1.499999999999999944e-01,0.000000000000000000e+00,0.000000000000000000e+00,0.000000000000000000e+00,1.000000000000000000e+00,2.999999999999999889e-01,0.000000000000000000e+00,0.000000000000000000e+00,0.000000000000000000e+00,0.000000000000000000e+00,0.000000000000000000e+00,1.065292560754931700e-01,-2.230299999999999991e-02,-1.499999999999999944e-01,1.665477232035694755e-01,2.229700000000000085e-02,-1.499972605107263435e-01,1.679772320356945348e-02,-2.230299999999999991e-02,-1.499972605107263435e-01,-4.322074392450683811e-02,2.229700000000000085e-02,-1.499999999999999944e-01,4.225705160097916191e-01,1.407305893731878588e-01,-8.999999932157305427e-01,-5.038553260273075374e-01,-2.051389451031385980e-01,-8.999999916605626593e-01,5.038153252968550211e-01,-2.051389451031618849e-01,-8.999999916605625483e-01,-4.226105160097430868e-01,1.407305893731943536e-01,-8.999999932157307647e-01,-5.712814017397621624e-01,4.907236986567438564e+00,-2.692683853666721916e-08,5.412502647008099466e-02,1.527620662116951911e-01,-5.220879284451029889e-10,-5.412498994293302168e-02,1.527620662116993544e-01,-5.220879284451029889e-10,5.712814017395650978e-01,4.907236986567451886e+00,-2.692705503015702106e-08
7.272727272727272374e-02,0.000000000000000000e+00,1.499999999999999944e-01,0.000000000000000000e+00,0.000000000000000000e+00,0.000000000000000000e+00,1.000000000000000000e+00,2.999999999999999889e-01,0.000000000000000000e+00,0.000000000000000000e+00,0.000000000000000000e+00,0.000000000000000000e+00,0.000000000000000000e+00,9.194304425957949833e-02,-2.230299999999999991e-02,-1.499999999999999944e-01,1.659316388850020085e-01,2.229700000000000085e-02,-1.499999999999999944e-01,1.618163888500201431e-02,-2.230299999999999991e-02,-1.499999999999999944e-01,-5.780695574042051671e-02,2.229700000000000085e-02,-1.499999999999999944e-01,4.111448879749963758e-01,2.388753291045366267e-01,-8.999999937542673134e-01,-5.027728254979059175e-01,-2.020837037789046942e-01,-8.999999916710044179e-01,5.027328254979963607e-01,-2.020837037789278978e-01,-8.999999916710043069e-01,-4.111848879749517849e-01,2.388753291045433991e-01,-8.999999937542718653e-01,-3.925666304655517358e-01,5.240930896581416754e+00,-2.607470905857667276e-08,1.155688978351332441e-01,3.301081583438600364e-01,-1.148980910414820755e-09,-1.155688978352220619e-01,3.301081583439058331e-01,-1.148980910414820755e-09,3.925666304654101824e-01,5.240930896581597054e+00,-2.607518645447726158e-08
7.878787878787879562e-02,0.000000000000000000e+00,1.499999999999999944e-01,0.000000000000000000e+00,0.000000000000000000e+00,0.000000000000000000e+00,1.000000000000000000e+00,2.999999999999999889e-01,0.000000000000000000e+00,0.000000000000000000e+00,0.000000000000000000e+00,0.000000000000000000e+00,0.000000000000000000e+00,7.697565252764845822e-02,-2.230299999999999991e-02,-1.499999999999999944e-01,1.646029590641266693e-01,2.229700000000000085e-02,-1.499999999999999944e-01,1.485295906412666123e-02,-2.230299999999999991e-02,-1.499999999999999944e-01,-7.277434747235156376e-02,2.229700000000000085e-02,-1.499999999999999944e-01,4.032935553656853411e-01,3.436939470361649596e-01,-8.999999942757614946e-01,-5.004614475412032526e-01,-1.954815406120274934e-01,-8.999999916939840361e-01,5.004214475412919194e-01,-1.954815406120497812e-01,-8.999999916939839251e-01,-4.033335553656435812e-01,3.436939470361753401e-01,-8.999999942757755944e-01,-1.843202312756780925e-01,5.156573811239006488e+00,-1.758497236714617884e-08,1.868169983555101332e-01,5.453344485126188079e-01,-1.928990300825716986e-09,-1.868169983556572378e-01,5.453344485126812025e-01,-1.928990300825716986e-09,1.843202312756003769e-01,5.156573811239223204e+00,-1.758552747865849142e-08
8.484848484848485362e-02,0.000000000000000000e+00,1.499999999999999944e-01,0.000000000000000000e+00,0.000000000000000000e+00,0.000000000000000000e+00,1.000000000000000000e+00,2.999999999999999889e-01,0.000000000000000000e+00,0.000000000000000000e+00,0.000000000000000000e+00,0.000000000000000000e+00,0.000000000000000000e+00,6.260399919531298152e-02,-2.230299999999999991e-02,-1.499999999999999944e-01,1.624286036218735574e-01,2.229700000000000085e-02,-1.499999999999999944e-01,1.267860362187353540e-02,-2.230299999999999991e-02,-1.499999999999999944e-01,-8.714600080468702659e-02,2.229700000000000085e-02,-1.499999999999999944e-01,3.996071507401717793e-01,4.468254232609450982e-01,-8.999999946274609419e-01,-4.967251075740930499e-01,-1.845748516417751173e-01,-8.999999917325638421e-01,4.966851075741787747e-01,-1.845748516417961560e-01,-8.999999917325637311e-01,-3.996471507401315737e-01,4.468254232609598087e-01,-8.999999946274861440e-01,-9.619556127299366821e-04,4.682224611261104563e+00,-9.111045251586347149e-10,2.502793749719761651e-01,7.545735945497428210e-01,-2.733108184216348491e-09,-2.502793749721371475e-01,7.545735945497857866e-01,-2.733108184216348491e-09,9.619556127382633548e-04,4.682224611260940250e+00,-9.109546450503103188e-10
9.090909090909091161e-02,0.000000000000000000e+00,1.499999999999999944e-01,0.000000000000000000e+00,0.000000000000000000e+00,0.000000000000000000e+00,1.000000000000000000e+00,2.999999999999999889e-01,0.000000000000000000e+00,0.000000000000000000e+00,0.000000000000000000e+00,0.000000000000000000e+00,0.000000000000000000e+00,4.965459657513613539e-02,-2.230299999999999991e-02,-1.499999999999999944e-01,1.594611936514034323e-01,2.229700000000000085e-02,-1.499999999999999944e-01,9.711193651403424165e-03,-2.230299999999999991e-02,-1.499999999999999944e-01,-1.000954034248638658e-01,2.229700000000000085e-02,-1.499999999999999944e-01,3.995879116279171805e-01,5.404699154861671850e-01,-8.999999946456830324e-01,-4.917195200746535266e-01,-1.694833797507802609e-01,-8.999999917872260058e-01,4.916795200747360317e-01,-1.694833797508004392e-01,-8.999999917872258948e-01,-3.996279116278768084e-01,5.404699154861786203e-01,-8.999999946457052369e-01,1.193906115048326555e-01,3.891151643843398844e+00,1.144158101595849075e-08,2.995674101937018108e-01,9.421984548407382754e-01,-3.517969249244856655e-09,-2.995674101939099776e-01,9.421984548408202098e-01,-3.517969249244856655e-09,-1.193906115047771443e-01,3.891151643843049346e+00,1.144211947412543395e-08
9.696969696969696961e-02,0.000000000000000000e+00,1.499999999999999944e-01,0.000000000000000000e+00,0.000000000000000000e+00,0.000000000000000000e+00,1.000000000000000000e+00,2.999999999999999889e-01,0.000000000000000000e+00,0.000000000000000000e+00,0.000000000000000000e+00,0.000000000000000000e+00,0.000000000000000000e+00,3.883431980149736756e-02,-2.230299999999999991e-02,-1.499999999999999944e-01,1.558206817174999648e-01,2.229700000000000085e-02,-1.499999999999999944e-01,6.070681717499956664e-03,-2.230299999999999991e-02,-1.499999999999999944e-01,-1.109156801985026475e-01,2.229700000000000085e-02,-1.499999999999999944e-01,4.019757238580138337e-01,6.182929483630351664e-01,-8.999999944168514121e-01,-4.857281718707794904e-01,-1.506394106539654942e-01,-8.999999918575853908e-01,4.856881718708578322e-01,-1.506394106539840350e-01,-8.999999918575852798e-01,-4.020157238579723513e-01,6.182929483630396073e-01,-8.999999944168628474e-01,1.640947955397709102e-01,2.936671095959386690e+00,1.338318900145907264e-08,3.329664632107903754e-01,1.102282766047848916e+00,-4.322009417023764399e-09,-3.329664632109985423e-01,1.102282766047933737e+00,-4.322003865908641274e-09,-1.640947955397042968e-01,2.936671095959147770e+00,1.338354427282695269e-08
1.030303030303030415e-01,0.000000000000000000e+00,1.499999999999999944e-01,0.000000000000000000e+00,0.000000000000000000e+00,0.000000000000000000e+00,1.000000000000000000e+00,2.999999999999999889e-01,0.000000000000000000e+00,0.000000000000000000e+00,0.000000000000000000e+00,0.000000000000000000e+00,0.000000000000000000e+00,3.056588877230196483e-02,-2.230299999999999991e-02,-1.499999999999999944e-01,1.516487260610262233e-01,2.229700000000000085e-02,-1.499999999999999944e-01,1.898726061026208278e-03,-2.230299999999999991e-02,-1.499999999999999944e-01,-1.191841112276980363e-01,2.229700000000000085e-02,-1.499999999999999944e-01,4.052576197688092519e-01,6.770263702822229002e-01,-8.999999941491876321e-01,-4.790688426065636829e-01,-1.285937553330085137e-01,-8.999999919440255791e-01,4.790288426066378613e-01,-1.285937553330253613e-01,-8.999999919440253571e-01,-4.052976197687664373e-01,6.770263702822225671e-01,-8.999999941491919619e-01,1.480397779788922286e-01,1.982794951812311135e+00,1.021658868616270865e-08,3.521130274921069336e-01,1.236529810702165166e+00,-4.984995749524046005e-09,-3.521130274923123249e-01,1.236529810702240217e+00,-4.984995749524046005e-09,-1.480397779788422685e-01,1.982794951812200113e+00,1.021673856627103305e-08
1.090909090909090856e-01,0.000000000000000000e+00,1.499999999999999944e-01,0.000000000000000000e+00,0.000000000000000000e+00,0.000000000000000000e+00,1.000000000000000000e+00,2.999999999999999889e-01,0.000000000000000000e+00,0.000000000000000000e+00,0.000000000000000000e+00,0.000000000000000000e+00,0.000000000000000000e+00,2.490752143707451738e-02,-2.230299999999999991e-02,-1.499999999999999944e-01,1.470743977979963590e-01,2.229700000000000085e-02,-1.499999999999999944e-01,-2.675602202003662944e-03,-2.230299999999999991e-02,-1.499999999999999944e-01,-1.248424785629254907e-01,2.229700000000000085e-02,-1.499999999999999944e-01,4.082184153283870964e-01,7.166822693184691229e-01,-8.999999939448558584e-01,-4.720265820567215442e-01,-1.038631591189652092e-01,-8.999999920437254941e-01,4.719865820567916148e-01,-1.038631591189805581e-01,-8.999999920437252721e-01,-4.082584153283432826e-01,7.166822693184665694e-01,-8.999999939448571906e-01,1.006736334648344888e-01,1.156733259956743698e+00,6.192640844560060032e-09,3.604501929153819395e-01,1.352139633605570879e+00,-5.687911253104971365e-09,-3.604501929155734530e-01,1.352139633605645042e+00,-5.687916804220094491e-09,-1.006736334648039577e-01,1.156733259956677085e+00,6.192690804596168164e-09
1.151515151515151575e-01,0.000000000000000000e+00,1.499999999999999944e-01,0.000000000000000000e+00,0.000000000000000000e+00,0.000000000000000000e+00,1.000000000000000000e+00,2.999999999999999889e-01,0.000000000000000000e+00,0.000000000000000000e+00,0.000000000000000000e+00,0.000000000000000000e+00,0.000000000000000000e+00,2.157142959752025857e-02,-2.230299999999999991e-02,-1.499999999999999944e-01,1.421924842190732674e-01,2.229700000000000085e-02,-1.499999999999999944e-01,-7.557515780926733762e-03,-2.230299999999999991e-02,-1.499999999999999944e-01,-1.281785704024797634e-01,2.229700000000000085e-02,-1.499999999999999944e-01,4.102318879976837862e-01,7.398169345176039968e-01,-8.999999938210030415e-01,-4.648175781984139054e-01,-7.682036644685379112e-02,-8.999999921574837192e-01,4.647775781984801458e-01,-7.682036644686765503e-02,-8.999999921574836081e-01,-4.102718879976393618e-01,7.398169345176001110e-01,-8.999999938210033745e-01,5.025266629793134765e-02,5.354613689982690161e-01,2.902350582090207354e-09,3.617922297127623699e-01,1.459429251134827688e+00,-6.414008213440069994e-09,-3.617922297129483322e-01,1.459429251134897854e+00,-6.414008213440069994e-09,-5.025266629790914319e-02,5.354613689982412605e-01,2.902372786550699857e-09
1.212121212121212155e-01,0.000000000000000000e+00,1.499999999999999944e-01,0.000000000000000000e+00,0.000000000000000000e+00,0.000000000000000000e+00,1.000000000000000000e+00,2.999999999999999889e-01,0.000000000000000000e+00,0.000000000000000000e+00,0.000000000000000000e+00,0.000000000000000000e+00,0.000000000000000000e+00,2.001729232159682459e-02,-2.230299999999999991e-02,-1.499999999999999944e-01,1.370543471587257200e-01,2.229700000000000085e-02,-1.499999999999999944e-01,-1.269565284127428112e-02,-2.230299999999999991e-02,-1.499999999999999944e-01,-1.297327076784031696e-01,2.229700000000000085e-02,-1.499999999999999944e-01,4.112369413236424132e-01,7.505261618975693771e-01,-8.999999937629560298e-01,-4.575817336041586580e-01,-4.763178142415723515e-02,-8.999999922857638834e-01,4.575417336042211791e-01,-4.763178142416969740e-02,-8.999999922857637724e-01,-4.112769413235975446e-01,7.505261618975649363e-01,-8.999999937629559188e-01,1.473309439069536708e-02,1.524318364626520150e-01,8.293088438193763068e-10,3.592695425827990841e-01,1.569467961996455774e+00,-7.207950902810011939e-09,-3.592695425829600664e-01,1.569467961996533267e+00,-7.207950902810011939e-09,-1.473309439069259152e-02,1.524318364626686684e-01,8.293088438193763068e-10
1.272727272727272596e-01,0.000000000000000000e+00,1.499999999999999944e-01,0.000000000000000000e+00,0.000000000000000000e+00,0.000000000000000000e+00,1.000000000000000000e+00,2.999999999999999889e-01,0.000000000000000000e+00,0.000000000000000000e+00,0.000000000000000000e+00,0.000000000000000000e+00,0.000000000000000000e+00,1.957366819832881411e-02,-2.230299999999999991e-02,-1.499999999999999944e-01,1.316692895657588513e-01,2.229700000000000085e-02,-1.499999999999999944e-01,-1.808071043424117064e-02,-2.230299999999999991e-02,-1.499999999999999944e-01,-1.301763318016712079e-01,2.229700000000000085e-02,-1.499999999999999944e-01,4.115316032114563205e-01,7.535747986268224174e-01,-8.999999937463698529e-01,-4.503963427525026764e-01,-1.624242218422811829e-02,-8.999999924299229015e-01,4.503563427525619778e-01,-1.624242218423903664e-02,-8.999999924299227905e-01,-4.115716032114113965e-01,7.535747986268183096e-01,-8.999999937463697419e-01,7.114031445570878631e-04,7.311857529257448363e-03,-8.065215162389449688e-11,3.547702627545584741e-01,1.692198606502169689e+00,-8.115041971734626713e-09,-3.547702627547055787e-01,1.692198606502228531e+00,-8.115058625079996091e-09,-7.116005012186565892e-04,7.311857529257448363e-03,-8.064660050877137110e-11
1.333333333333333315e-01,0.000000000000000000e+00,1.499999999999999944e-01,0.000000000000000000e+00,0.000000000000000000e+00,0.000000000000000000e+00,1.000000000000000000e+00,2.999999999999999889e-01,0.000000000000000000e+00,0.000000000000000000e+00,0.000000000000000000e+00,0.000000000000000000e+00,0.000000000000000000e+00,1.955597592474958568e-02,-2.230299999999999991e-02,-1.499851997109805657e-01,1.260127203180808064e-01,2.229700000000000085e-02,-1.499999999999999944e-01,-2.373727968191920862e-02,-2.230299999999999991e-02,-1.499999999999999944e-01,-1.301940240752504363e-01,2.229700000000000085e-02,-1.499851997109805657e-01,4.115458312743474623e-01,7.537210357774075664e-01,-8.999999937479828960e-01,-4.433009374974115069e-01,1.760154994581527438e-02,-8.999999925922237409e-01,4.432609374974678662e-01,1.760154994580553564e-02,-8.999999925922239630e-01,-4.115858352214357696e-01,7.537210357774034586e-01,-8.999999937479826739e-01,-2.865818933315555928e-02,-2.979562614044695135e-01,-2.271474119908134526e-08,3.487899976337971442e-01,1.835180350072347588e+00,-9.134371037333721688e-09,-3.487899976339470243e-01,1.835180350072399769e+00,-9.134343281758106059e-09,2.862009898873529856e-02,-2.979562614044695135e-01,-2.271475785242671463e-08
1.393939393939394034e-01,0.000000000000000000e+00,1.499999999999999944e-01,0.000000000000000000e+00,0.000000000000000000e+00,0.000000000000000000e+00,1.000000000000000000e+00,2.999999999999999889e-01,0.000000000000000000e+00,0.000000000000000000e+00,0.000000000000000000e+00,0.000000000000000000e+00,0.000000000000000000e+00,2.108836844050969439e-02,-2.230299999999999991e-02,-1.471823628374356319e-01,1.200375553577455873e-01,2.229700000000000085e-02,-1.499999999999999944e-01,-2.971244464225442430e-02,-2.230299999999999991e-02,-1.499999999999999944e-01,-1.286616315594903137e-01,2.229700000000000085e-02,-1.471823628374356319e-01,4.109726674876843511e-01,7.477619105493181761e-01,-8.999999942022777200e-01,-4.363251375447355640e-01,5.430515694726222725e-02,-8.999999927749111617e-01,4.362851375447889257e-01,5.430515694725352588e-02,-8.999999927749108286e-01,-4.110134332416610636e-01,7.477619105493140683e-01,-8.999999942022778310e-01,-1.468244785966216215e-01,-1.663977511862541059e+00,-3.422339855951861409e-07,3.422831370427259490e-01,2.013716903123589752e+00,-1.315418884928476473e-08,-3.422831370428675024e-01,2.013716903123513813e+00,-1.315393904910422407e-08,1.466754591153501819e-01,-1.663977511876590931e+00,-3.422086503057641949e-07
1.454545454545454475e-01,0.000000000000000000e+00,1.499999999999999944e-01,0.000000000000000000e+00,0.000000000000000000e+00,0.000000000000000000e+00,1.000000000000000000e+00,2.999999999999999889e-01,0.000000000000000000e+00,0.000000000000000000e+00,0.000000000000000000e+00,0.000000000000000000e+00,0.000000000000000000e+00,2.786312784614203286e-02,-2.230299999999999991e-02,-1.371549465808638013e-01,1.136522578291419977e-01,2.229700000000000085e-02,-1.499999999999999944e-01,-3.609774217085801040e-02,-2.230299999999999991e-02,-1.499999999999999944e-01,-1.218868721538579752e-01,2.229700000000000085e-02,-1.371549465808638013e-01,4.080361779157519186e-01,7.144823603120673550e-01,-9.000000010469574319e-01,-4.294794748038810450e-01,9.457949500973401868e-02,-8.999999930379949387e-01,4.294394748039315757e-01,9.457949500972380463e-02,-8.999999930379896096e-01,-4.080799240593540600e-01,7.144823603117822497e-01,-9.000000010464508371e-01,5.562616045597740255e-01,3.948946615842829910e-01,-8.648750862885151491e+00,3.463871406922003349e-01,2.328865511797748589e+00,-8.998168876672707484e-09,-3.463871406923030305e-01,2.328865511797945764e+00,-8.998424227968371270e-09,-5.565255670696461765e-01,3.948946615664250537e-01,-8.648750862853971100e+00
1.515151515151515194e-01,0.000000000000000000e+00,1.499999999999999944e-01,0.000000000000000000e+00,0.000000000000000000e+00,0.000000000000000000e+00,1.000000000000000000e+00,2.999999999999999889e-01,0.000000000000000000e+00,0.000000000000000000e+00,0.000000000000000000e+00,0.000000000000000000e+00,0.000000000000000000e+00,4.126738499001007116e-02,-2.230299999999999991e-02,-1.223855539436912027e-01,1.064643519985665754e-01,2.229700000000000085e-02,-1.499999999999999944e-01,-4.328564800143342578e-02,-2.230299999999999991e-02,-1.499999999999999944e-01,-1.084826150099899300e-01,2.229700000000000085e-02,-1.223855539436912027e-01,4.191614100069473992e-01,7.223802535437530148e-01,-1.072975018304660466e+00,-4.225517319900370383e-01,1.411568052456889932e-01,-8.999999932179583162e-01,4.225117319900855151e-01,1.411568052456827205e-01,-8.999999932179580941e-01,-4.192104354007469835e-01,7.223802535431107508e-01,-1.072975018303530259e+00,2.936083328160002281e+00,3.040507558457311355e+00,-2.124259003978444937e+01,3.482437911539154607e-01,2.777224218332797978e+00,-1.441856078976400113e-08,-3.482437911540320341e-01,2.777224218332852157e+00,-1.441856078976400113e-08,-2.936401968153598663e+00,3.040507558484511819e+00,-2.124259003983219785e+01
1.575757575757575912e-01,0.000000000000000000e+00,1.499999999999999944e-01,0.000000000000000000e+00,0.000000000000000000e+00,0.000000000000000000e+00,1.000000000000000000e+00,2.999999999999999889e-01,0.000000000000000000e+00,0.000000000000000000e+00,0.000000000000000000e+00,0.000000000000000000e+00,0.000000000000000000e+00,6.092714818847466685e-02,-2.230299999999999991e-02,-1.083067801327813329e-01,9.812844303964604609e-02,2.229700000000000085e-02,-1.499999999999999944e-01,-5.162155696035396202e-02,-2.230299999999999991e-02,-1.499999999999999944e-01,-8.882285181152534126e-02,2.229700000000000085e-02,-1.083067801327813329e-01,4.778830765701474470e-01,7.831904047128992463e-01,-1.497826819100349427e+00,-4.155868561669587291e-01,1.967012896123449539e-01,-8.999999935063295320e-01,4.155468561670048744e-01,1.967012896123397636e-01,-8.999999935063293099e-01,-4.779384747638189546e-01,7.831904047128009916e-01,-1.497826819100174234e+00,2.043197131859117555e+00,-1.090343185325534137e+01,-4.710576379798137481e+00,3.300842321905417265e-01,3.320975768917278081e+00,-1.875897770453605062e-08,-3.300842321906499732e-01,3.320975768917193260e+00,-1.875868349543452496e-08,-2.043413300014687461e+00,-1.090343185325613007e+01,-4.710576379793407042e+00
1.636363636363636631e-01,0.000000000000000000e+00,1.499999999999999944e-01,0.000000000000000000e+00,0.000000000000000000e+00,0.000000000000000000e+00,1.000000000000000000e+00,2.999999999999999889e-01,0.000000000000000000e+00,0.000000000000000000e+00,0.000000000000000000e+00,0.000000000000000000e+00,0.000000000000000000e+00,8.536972717720259229e-02,-2.230299999999999991e-02,-1.004662352258340885e-01,8.843481827839844156e-02,2.229700000000000085e-02,-1.499999999999999944e-01,-6.131518172160156654e-02,-2.230299999999999991e-02,-1.499999999999999944e-01,-6.438027282279741581e-02,2.229700000000000085e-02,-1.004662352258340885e-01,5.187470192073297959e-01,5.651217676477924279e-01,-1.592038346696312168e+00,-4.089851715231478946e-01,2.631208049906905155e-01,-8.999999938815090861e-01,4.089451715231918749e-01,2.631208049906836322e-01,-8.999999938815029799e-01,-5.188067407641127060e-01,5.651217676476784080e-01,-1.592038346696042383e+00,-6.544560885224037783e-01,-2.107409675435036434e+01,1.636068628766701494e+01,2.742980455942595208e-01,3.878913449145535264e+00,-1.904054691692635970e-08,-2.742980455943622164e-01,3.878913449145385162e+00,-1.904016388998286402e-08,6.545248036360751254e-01,-2.107409675434903207e+01,1.636068628766600597e+01
1.696969696969697072e-01,0.000000000000000000e+00,1.499999999999999944e-01,0.000000000000000000e+00,0.000000000000000000e+00,0.000000000000000000e+00,1.000000000000000000e+00,2.999999999999999889e-01,0.000000000000000000e+00,0.000000000000000000e+00,0.000000000000000000e+00,0.000000000000000000e+00,0.000000000000000000e+00,1.119268332339482946e-01,-2.230299999999999991e-02,-1.028326015687102135e-01,7.739702907410925259e-02,2.229700000000000085e-02,-1.499999999999999944e-01,-7.235297092589075552e-02,-2.230299999999999991e-02,-1.499999999999999944e-01,-3.782316676605171346e-02,2.229700000000000085e-02,-1.028326015687102135e-01,5.056578974368817203e-01,1.436398325607851079e-01,-1.264824620942971878e+00,-4.034992106112627042e-01,3.406990739736012186e-01,-8.999999942623200244e-01,4.034592106113046306e-01,3.406990739735913376e-01,-8.999999942623062577e-01,-5.057162446913912035e-01,1.436398325606977333e-01,-1.264824620942722300e+00,-6.026368209815696764e-01,-1.595071258604788866e+01,1.824123116009844736e+01,1.720378623980417521e-01,4.307881328149723466e+00,-1.594471221721960319e-08,-1.720378623981139166e-01,4.307881328149526290e+00,-1.594420706574339874e-08,6.029577200760166678e-01,-1.595071258604175490e+01,1.824123116008589562e+01
1.757575757575757514e-01,0.000000000000000000e+00,1.499999999999999944e-01,0.000000000000000000e+00,0.000000000000000000e+00,0.000000000000000000e+00,1.000000000000000000e+00,2.999999999999999889e-01,0.000000000000000000e+00,0.000000000000000000e+00,0.000000000000000000e+00,0.000000000000000000e+00,0.000000000000000000e+00,1.365933489400220635e-01,-2.230299999999999991e-02,-1.155417682677153668e-01,6.537087297675008013e-02,2.229700000000000085e-02,-1.499999999999999944e-01,-8.437912702324992797e-02,-2.230299999999999991e-02,-1.499999999999999944e-01,-1.315665105997793072e-02,2.229700000000000085e-02,-1.155417682677153668e-01,4.936051610172503268e-01,-1.753744191601726288e-01,-8.999999977410029217e-01,-4.000584533633018691e-01,4.268567005365956901e-01,-8.999999945812142688e-01,4.000184533633423523e-01,4.268567005365818678e-01,-8.999999945811903990e-01,-4.936570902898708701e-01,-1.753744191601373237e-01,-8.999999977410043650e-01,5.991911795211218861e-01,-1.736405056958854942e+00,2.583898983665733340e-07,3.672561653658978909e-02,4.420564003255281094e+00,-4.683631260604670388e-09,-3.672561653660644243e-02,4.420564003255305963e+00,-4.683592402798808507e-09,-5.988501663842876743e-01,-1.736405056959082538e+00,2.583899594288396884e-07
1.818181818181818232e-01,0.000000000000000000e+00,1.499999999999999944e-01,0.000000000000000000e+00,0.000000000000000000e+00,0.000000000000000000e+00,1.000000000000000000e+00,2.999999999999999889e-01,0.000000000000000000e+00,0.000000000000000000e+00,0.000000000000000000e+00,0.000000000000000000e+00,0.000000000000000000e+00,1.549289922010308185e-01,-2.230299999999999991e-02,-1.330111212729178649e-01,5.314080915141366351e-02,2.229700000000000085e-02,-1.499999999999999944e-01,-9.660919084858635153e-02,-2.230299999999999991e-02,-1.499999999999999944e-01,5.178992201030810372e-03,2.229700000000000085e-02,-1.330111212729178649e-01,5.055889846076727645e-01,-2.101025202993497265e-01,-8.999999925732049544e-01,-3.993239410325700733e-01,5.152679806017013142e-01,-8.999999946748868940e-01,3.992839410326102234e-01,5.152679806016879915e-01,-8.999999946748622470e-01,-5.056340936175566236e-01,-2.101025202993189733e-01,-8.999999925732051764e-01,-2.702202770391015640e-02,7.547193265096396875e-02,3.882832388946155788e-08,-9.061810819498417047e-02,4.077486464778528941e+00,8.851003263643519858e-09,9.061810819503690606e-02,4.077486464778868225e+00,8.850498112167315412e-09,2.722456154491958991e-02,7.547193265068502521e-02,3.882832944057668101e-08
1.878787878787878951e-01,0.000000000000000000e+00,1.499999999999999944e-01,0.000000000000000000e+00,0.000000000000000000e+00,0.000000000000000000e+00,1.000000000000000000e+00,2.999999999999999889e-01,0.000000000000000000e+00,0.000000000000000000e+00,0.000000000000000000e+00,0.000000000000000000e+00,0.000000000000000000e+00,1.643846826314375176e-01,-2.230299999999999991e-02,-1.461335504398494634e-01,4.183202932710720218e-02,2.229700000000000085e-02,-1.499999999999999944e-01,-1.079179706728927990e-01,-2.230299999999999991e-02,-1.499999999999999944e-01,1.463468263143749559e-02,2.229700000000000085e-02,-1.461335504398494634e-01,5.050485440535945614e-01,-2.085930816463304471e-01,-8.999999917966384766e-01,-4.011363031964697567e-01,5.968177098972718975e-01,-8.999999944978668287e-01,4.010963031965109615e-01,5.968177098972653472e-01,-8.999999944978522848e-01,-5.050896023866582318e-01,-2.085930816463052728e-01,-8.999999917966385876e-01,-6.115372480373637565e-02,1.712803176380867098e-01,6.769462768119183238e-09,-1.628181656559507529e-01,3.306702300543634898e+00,1.398953175524297876e-08,1.628181656560145907e-01,3.306702300543934214e+00,1.398909321714825182e-08,6.120631072147886265e-02,1.712803176379978920e-01,6.769468319234306364e-09
1.939393939393939392e-01,0.000000000000000000e+00,1.499999999999999944e-01,0.000000000000000000e+00,0.000000000000000000e+00,0.000000000000000000e+00,1.000000000000000000e+00,2.999999999999999889e-01,0.000000000000000000e+00,0.000000000000000000e+00,0.000000000000000000e+00,0.000000000000000000e+00,0.000000000000000000e+00,1.665372516524520896e-01,-2.230299999999999991e-02,-1.499751986004191906e-01,3.255818547538236185e-02,2.229700000000000085e-02,-1.499999999999999944e-01,-1.171918145246176463e-01,-2.230299999999999991e-02,-1.499999999999999944e-01,1.678725165245208151e-02,2.229700000000000085e-02,-1.499751986004191906e-01,5.038254695575198339e-01,-2.051674752935687129e-01,-8.999999916612492212e-01,-4.043926665095887718e-01,6.629517559081445910e-01,-8.999999942180761936e-01,4.043526665096312533e-01,6.629517559081440359e-01,-8.999999942180704204e-01,-5.038654761722286546e-01,-2.051674752935453150e-01,-8.999999916612492212e-01,-4.885590221920810272e-02,1.378303088038435043e-01,-4.311828671887951714e-10,-1.634013600210287853e-01,2.317400216269327462e+00,1.171409635958298168e-08,1.634013600210842965e-01,2.317400216269477120e+00,1.171390207055367227e-08,4.885623295918795073e-02,1.378303088038296265e-01,-4.311884183039182972e-10
2.000000000000000111e-01,0.000000000000000000e+00,1.499999999999999944e-01,0.000000000000000000e+00,0.000000000000000000e+00,0.000000000000000000e+00,1.000000000000000000e+00,2.999999999999999889e-01,0.000000000000000000e+00,0.000000000000000000e+00,0.000000000000000000e+00,0.000000000000000000e+00,0.000000000000000000e+00,1.659977288445075305e-01,-2.230299999999999991e-02,-1.499999999999999944e-01,2.596637004194757292e-02,2.229700000000000085e-02,-1.499999999999999944e-01,-1.237836299580524352e-01,-2.230299999999999991e-02,-1.499999999999999944e-01,1.624772884450752242e-02,2.229700000000000085e-02,-1.499999999999999944e-01,5.028483515131356718e-01,-2.024108691174918429e-01,-8.999999916698728786e-01,-4.076606937100093475e-01,7.092997602335311402e-01,-8.999999939837942664e-01,4.076206937100529393e-01,7.092997602335335827e-01,-8.999999939837923790e-01,-5.028883515130448956e-01,-2.024108691174687225e-01,-8.999999916698729896e-01,-1.020387885225293445e-01,2.909424522099787747e-01,-1.011307704246178218e-09,-1.164035497556115129e-01,1.370378781320630290e+00,7.300415827415918102e-09,1.164035497556475951e-01,1.370378781320685802e+00,7.300343662919317467e-09,1.020387885224460778e-01,2.909424522099621213e-01,-1.011307704246178218e-09
2.060606060606060830e-01,0.000000000000000000e+00,1.499999999999999944e-01,0.000000000000000000e+00,0.000000000000000000e+00,0.000000000000000000e+00,1.000000000000000000e+00,2.999999999999999889e-01,0.000000000000000000e+00,0.000000000000000000e+00,0.000000000000000000e+00,0.000000000000000000e+00,0.000000000000000000e+00,1.648257775935136615e-01,-2.230299999999999991e-02,-1.499999999999999944e-01,2.202149746304732369e-02,2.229700000000000085e-02,-1.499999999999999944e-01,-1.277285025369526705e-01,-2.230299999999999991e-02,-1.499999999999999944e-01,1.507577759351365343e-02,2.229700000000000085e-02,-1.499999999999999944e-01,5.008075757426850849e-01,-1.965920200732922674e-01,-8.999999916900990327e-01,-4.099887647051215778e-01,7.367073358599437460e-01,-8.999999938377859499e-01,4.099487647051658912e-01,7.367073358599472988e-01,-8.999999938377855058e-01,-5.008475757425959740e-01,-1.965920200732694800e-01,-8.999999916900991437e-01,-1.587244051584668636e-01,4.610914223789258637e-01,-1.625161116791673521e-09,-5.985681773776063697e-02,6.434433181126852919e-01,3.483346944221921149e-09,5.985681773778561698e-02,6.434433181127297008e-01,3.483319188646305520e-09,1.587244051583530657e-01,4.610914223788717403e-01,-1.625155565676550395e-09
2.121212121212121549e-01,0.000000000000000000e+00,1.499999999999999944e-01,0.000000000000000000e+00,0.000000000000000000e+00,0.000000000000000000e+00,1.000000000000000000e+00,2.999999999999999889e-01,0.000000000000000000e+00,0.000000000000000000e+00,0.000000000000000000e+00,0.000000000000000000e+00,0.000000000000000000e+00,1.629834646657370434e-01,-2.230299999999999991e-02,-1.499999999999999944e-01,2.015541584917665552e-02,2.229700000000000085e-02,-1.499999999999999944e-01,-1.295945841508233665e-01,-2.230299999999999991e-02,-1.499999999999999944e-01,1.323346466573703528e-02,2.229700000000000085e-02,-1.499999999999999944e-01,4.976330876395157476e-01,-1.873701916257137501e-01,-8.999999917226022550e-01,-4.111859010598767905e-01,7.495762022221974519e-01,-8.999999937681190110e-01,4.111459010599216035e-01,7.495762022222018928e-01,-8.999999937681191220e-01,-4.976730876394289127e-01,-1.873701916256920452e-01,-8.999999917226022550e-01,-2.082959801823824897e-01,6.215920938519206018e-01,-2.234656903965515085e-09,-1.869772584401629967e-02,1.938901041636242883e-01,1.054584197746066820e-09,1.869772584401907523e-02,1.938901041636353906e-01,1.054578646630943695e-09,2.082959801822159562e-01,6.215920938518665340e-01,-2.234662455080638210e-09
2.181818181818181712e-01,0.000000000000000000e+00,1.499999999999999944e-01,0.000000000000000000e+00,0.000000000000000000e+00,0.000000000000000000e+00,1.000000000000000000e+00,2.999999999999999889e-01,0.000000000000000000e+00,0.000000000000000000e+00,0.000000000000000000e+00,0.000000000000000000e+00,0.000000000000000000e+00,1.605283649282406022e-01,-2.230299999999999991e-02,-1.499999999999999944e-01,1.959125598983782468e-02,2.229700000000000085e-02,-1.499999999999999944e-01,-1.301587440101621973e-01,-2.230299999999999991e-02,-1.499999999999999944e-01,1.077836492824059411e-02,2.229700000000000085e-02,-1.499999999999999944e-01,4.934671680358680979e-01,-1.749383497486753369e-01,-8.999999917672953931e-01,-4.115598555767571165e-01,7.534540043054699376e-01,-8.999999937470273270e-01,4.115198555768019850e-01,7.534540043054746006e-01,-8.999999937470275491e-01,-4.935071680357845936e-01,-1.749383497486547145e-01,-8.999999917672955041e-01,-2.493558898631981213e-01,7.703688140116806693e-01,-2.839900536955042298e-09,-1.370016786800265507e-03,1.408195700611791779e-02,3.147482274812318792e-11,1.369942706735960414e-03,1.408195700611236667e-02,3.147482274812318792e-11,2.493558898630315879e-01,7.703688140116071725e-01,-2.839900536955042298e-09
2.242424242424242431e-01,0.000000000000000000e+00,1.499999999999999944e-01,0.000000000000000000e+00,0.000000000000000000e+00,0.000000000000000000e+00,1.000000000000000000e+00,2.999999999999999889e-01,0.000000000000000000e+00,0.000000000000000000e+00,0.000000000000000000e+00,0.000000000000000000e+00,0.000000000000000000e+00,1.575296904009536036e-01,-2.230299999999999991e-02,-1.499999999999999944e-01,1.955159958056330860e-02,2.229700000000000085e-02,-1.499944442004890743e-01,-1.301984004194366995e-01,-2.230299999999999991e-02,-1.499944442004890743e-01,7.779690400953609419e-03,2.229700000000000085e-02,-1.499999999999999944e-01,4.884800502386041354e-01,-1.595309734684417224e-01,-8.999999918240934038e-01,-4.115872559124931218e-01,7.537356434455922960e-01,-8.999999937463978306e-01,4.115472544309367042e-01,7.537356434455968479e-01,-8.999999937463980526e-01,-4.885200502385239618e-01,-1.595309734684225711e-01,-8.999999918240935148e-01,-2.829424489746268367e-01,9.116637529916343796e-01,-3.516387181434765807e-09,2.318921073687085777e-02,-2.408203999440361454e-01,-2.387752773280737983e-08,-2.322074578049171389e-02,-2.408203999439417764e-01,-2.387769426626107361e-08,2.829424489744408744e-01,9.116637529915816440e-01,-3.516392732549888933e-09
2.303030303030303150e-01,0.000000000000000000e+00,1.499999999999999944e-01,0.000000000000000000e+00,0.000000000000000000e+00,0.000000000000000000e+00,1.000000000000000000e+00,2.999999999999999889e-01,0.000000000000000000e+00,0.000000000000000000e+00,0.000000000000000000e+00,0.000000000000000000e+00,0.000000000000000000e+00,1.540416451722909641e-01,-2.230299999999999991e-02,-1.499999999999999944e-01,2.080789400199566097e-02,2.229700000000000085e-02,-1.476662003975537651e-01,-1.289421059980043471e-01,-2.230299999999999991e-02,-1.476662003975537651e-01,4.291645172290969867e-03,2.229700000000000085e-02,-1.499999999999999944e-01,4.828212012591115987e-01,-1.412976984086090348e-01,-8.999999918944211474e-01,-4.111234716977557047e-01,7.489192354467115731e-01,-8.999999942239483852e-01,4.110828395153268700e-01,7.489192354467180124e-01,-8.999999942239519379e-01,-4.828612012590351443e-01,-1.412976984085909382e-01,-8.999999918944213695e-01,-3.115909219474383152e-01,1.054819290111636665e+00,-4.148659193958792457e-09,1.309526999916182932e-01,-1.464672903895219980e+00,-1.962439655223136015e-07,-1.310886279824979850e-01,-1.464672903892016986e+00,-1.962497442331567754e-07,3.115909219472551284e-01,1.054819290111559615e+00,-4.148659193958792457e-09
2.363636363636363869e-01,0.000000000000000000e+00,1.499999999999999944e-01,0.000000000000000000e+00,0.000000000000000000e+00,0.000000000000000000e+00,1.000000000000000000e+00,2.999999999999999889e-01,0.000000000000000000e+00,0.000000000000000000e+00,0.000000000000000000e+00,0.000000000000000000e+00,0.000000000000000000e+00,1.500841987601727046e-01,-2.230299999999999991e-02,-1.499999999999999944e-01,2.692440482738470142e-02,2.229700000000000085e-02,-1.384059345001005525e-01,-1.228255951726153067e-01,-2.230299999999999991e-02,-1.384059345001005525e-01,3.341987601726825741e-04,2.229700000000000085e-02,-1.499999999999999944e-01,4.765893828201628324e-01,-1.202013126063763010e-01,-8.999999919773943313e-01,-4.085044176979233388e-01,7.196257773688071735e-01,-8.999999981488276957e-01,4.084610669556769103e-01,7.196257773688776727e-01,-8.999999981489468226e-01,-4.766293828200900418e-01,-1.202013126063597448e-01,-8.999999919773945534e-01,-3.485449154823544449e-01,1.250820880935106461e+00,-5.114947354556420578e-09,-1.825186715037424579e-01,-1.205535274590663342e+00,-4.872551833630550888e+00,1.822738112672112054e-01,-1.205535274578817262e+00,-4.872551833651527886e+00,3.485449154821546047e-01,1.250820880935028079e+00,-5.114947354556420578e-09
2.424242424242424310e-01,0.000000000000000000e+00,1.499999999999999944e-01,0.000000000000000000e+00,0.000000000000000000e+00,0.000000000000000000e+00,1.000000000000000000e+00,2.999999999999999889e-01,0.000000000000000000e+00,0.000000000000000000e+00,0.000000000000000000e+00,0.000000000000000000e+00,0.000000000000000000e+00,1.454944746699665947e-01,-2.230299999999999991e-02,-1.499999999999999944e-01,3.918542694901702705e-02,2.229700000000000085e-02,-1.243576226834664927e-01,-1.105645730509829811e-01,-2.230299999999999991e-02,-1.243576226834664927e-01,-4.255525330033413378e-03,2.229700000000000085e-02,-1.499999999999999944e-01,4.696184845105157435e-01,-9.518489498767417067e-02,-8.999999920796932784e-01,-4.121547911279981879e-01,6.955150718769939067e-01,-9.974510348214387090e-01,4.121065431810211344e-01,6.955150718773013274e-01,-9.974510348219773892e-01,-4.696584845104469497e-01,-9.518489498765918266e-02,-8.999999920796935005e-01,-3.962803205712323029e-01,1.526880665826251704e+00,-6.530087581779753236e-09,-2.791728697102563217e+00,4.839889850334206045e+00,-2.240491980828979024e+01,2.791424523433161387e+00,4.839889850323425335e+00,-2.240491980827079743e+01,3.962803205710296872e-01,1.526880665826175321e+00,-6.530087581779753236e-09
2.484848484848485028e-01,0.000000000000000000e+00,1.499999999999999944e-01,0.000000000000000000e+00,0.000000000000000000e+00,0.000000000000000000e+00,1.000000000000000000e+00,2.999999999999999889e-01,0.000000000000000000e+00,0.000000000000000000e+00,0.000000000000000000e+00,0.000000000000000000e+00,0.000000000000000000e+00,1.400336474035798473e-01,-2.230299999999999991e-02,-1.499999999999999944e-01,5.714205938756211633e-02,2.229700000000000085e-02,-1.104333356863609478e-01,-9.260794061243789177e-02,-2.230299999999999991e-02,-1.104333356863609478e-01,-9.716352596420160803e-03,2.229700000000000085e-02,-1.499999999999999944e-01,4.616928780990910974e-01,-6.464728167114913715e-02,-8.999999922102950300e-01,-4.679893650700494567e-01,7.923128688836780231e-01,-1.445549430987234540e+00,4.679350336496843621e-01,7.923128688837698386e-01,-1.445549430987393302e+00,-4.617328780990263559e-01,-6.464728167113567570e-02,-8.999999922102952521e-01,-4.520870804362475681e-01,1.904598316081445475e+00,-8.578504573364398311e-09,-2.266013514253531369e+00,-7.759819410886903412e+00,-7.971214452649122428e+00,2.265772801404692061e+00,-7.759819410885643087e+00,-7.971214452653896387e+00,4.520870804360338502e-01,1.904598316081351772e+00,-8.578499022249275185e-09
2.545454545454545192e-01,0.000000000000000000e+00,1.499999999999999944e-01,0.000000000000000000e+00,0.000000000000000000e+00,0.000000000000000000e+00,1.000000000000000000e+00,2.999999999999999889e-01,0.000000000000000000e+00,0.000000000000000000e+00,0.000000000000000000e+00,0.000000000000000000e+00,0.000000000000000000e+00,1.334232008108405254e-01,-2.230299999999999991e-02,-1.499999999999999944e-01,7.954721896201244480e-02,2.229700000000000085e-02,-1.014444375837709883e-01,-7.020278103798756331e-02,-2.230299999999999991e-02,-1.014444375837709883e-01,-1.632679918915948269e-02,2.229700000000000085e-02,-1.499999999999999944e-01,4.526511364903661461e-01,-2.655531534952022821e-02,-8.999999923818651215e-01,-5.133096353551200863e-01,6.371164806659399549e-01,-1.604973720040216989e+00,5.132504896777781989e-01,6.371164806660569724e-01,-1.604973720040471230e+00,-4.526911364903056789e-01,-2.655531534950864025e-02,-8.999999923818652325e-01,-5.088259983910187190e-01,2.405457933462516795e+00,-1.148771633374678913e-08,-1.175434969011290853e-01,-1.804166845379612738e+01,1.004193343805753713e+01,1.175311720028993090e-01,-1.804166845379734951e+01,1.004193343805703797e+01,5.088259983907938988e-01,2.405457933462427977e+00,-1.148770523151654288e-08
2.606060606060606188e-01,0.000000000000000000e+00,1.499999999999999944e-01,0.000000000000000000e+00,0.000000000000000000e+00,0.000000000000000000e+00,1.000000000000000000e+00,2.999999999999999889e-01,0.000000000000000000e+00,0.000000000000000000e+00,0.000000000000000000e+00,0.000000000000000000e+00,0.000000000000000000e+00,1.253616292286209855e-01,-2.230299999999999991e-02,-1.499999999999999944e-01,1.044192874110206060e-01,2.229700000000000085e-02,-1.010234082503406322e-01,-4.533071258897940214e-02,-2.230299999999999991e-02,-1.010234082503406322e-01,-2.438837077137903653e-02,2.229700000000000085e-02,-1.499999999999999944e-01,4.424746165225457717e-01,2.155384331973011006e-02,-8.999999926116194482e-01,-5.156605052931426680e-01,2.762831115900173939e-01,-1.404135051279066237e+00,5.156011131178361850e-01,2.762831115901099865e-01,-1.404135051279330471e+00,-4.425146165224898009e-01,2.155384331973991818e-02,-8.999999926116193372e-01,-5.523970435162783854e-01,3.041354682312789937e+00,-1.536485938480325331e-08,1.568000825384105568e+00,-2.111372459357506060e+01,2.520675172134148667e+01,-1.567750335290757357e+00,-2.111372459358022979e+01,2.520675172135259956e+01,5.523970435160618919e-01,3.041354682312718438e+00,-1.536489269149399206e-08
2.666666666666666630e-01,0.000000000000000000e+00,1.499999999999999944e-01,0.000000000000000000e+00,0.000000000000000000e+00,0.000000000000000000e+00,1.000000000000000000e+00,2.999999999999999889e-01,0.000000000000000000e+00,0.000000000000000000e+00,0.000000000000000000e+00,0.000000000000000000e+00,0.000000000000000000e+00,1.155685829826317707e-01,-2.230299999999999991e-02,-1.499999999999999944e-01,1.287819665407382297e-01,2.229700000000000085e-02,-1.103298661690155502e-01,-2.096803345926177842e-02,-2.230299999999999991e-02,-1.103298661690155502e-01,-3.418141701736823745e-02,2.229700000000000085e-02,-1.499999999999999944e-01,4.314266756522202040e-01,8.238093696598590421e-02,-8.999999929189166359e-01,-4.843004887854605589e-01,-1.459913802814838402e-01,-9.000000168522365174e-01,4.842461064120210379e-01,-1.459913802814946093e-01,-9.000000168522784838e-01,-4.314666756521685631e-01,8.238093696599428639e-02,-8.999999929189171910e-01,-5.596033535879729737e-01,3.788748821178305359e+00,-1.939169380626992734e-08,-9.543156510448208563e-01,-2.890873211940099718e+00,1.172306651753274309e-06,9.546597019683744634e-01,-2.890873211941304088e+00,1.172308944363820160e-06,5.596033535877786846e-01,3.788748821178183235e+00,-1.939167715292455796e-08
2.727272727272727626e-01,0.000000000000000000e+00,1.499999999999999944e-01,0.000000000000000000e+00,0.000000000000000000e+00,0.000000000000000000e+00,1.000000000000000000e+00,2.999999999999999889e-01,0.000000000000000000e+00,0.000000000000000000e+00,0.000000000000000000e+00,0.000000000000000000e+00,0.000000000000000000e+00,1.038879252307441520e-01,-2.230299999999999991e-02,-1.499999999999999944e-01,1.488729492661070575e-01,2.229700000000000085e-02,-1.263121859923689305e-01,-8.770507338929367513e-04,-2.230299999999999991e-02,-1.263121859923689305e-01,-4.586207476925585613e-02,2.229700000000000085e-02,-1.499999999999999944e-01,4.202346085804607445e-01,1.581559133895520108e-01,-8.999999933067505120e-01,-5.033868018063569760e-01,-2.038088445202858312e-01,-8.999999934061034823e-01,5.033393004513885272e-01,-2.038088445203206922e-01,-8.999999934060995965e-01,-4.202746085804129894e-01,1.581559133895579505e-01,-8.999999933067507341e-01,-5.022792980482859715e-01,4.546807353340843960e+00,-2.507133389784144128e-08,-1.247238412316942213e-01,-3.491717509670019814e-01,7.060452777984949080e-08,1.249812934787986052e-01,-3.491717509666009134e-01,7.060433904193530452e-08,5.022792980481111114e-01,4.546807353340895475e+00,-2.507157814690685882e-08
2.787878787878788067e-01,0.000000000000000000e+00,1.499999999999999944e-01,0.000000000000000000e+00,0.000000000000000000e+00,0.000000000000000000e+00,1.000000000000000000e+00,2.999999999999999889e-01,0.000000000000000000e+00,0.000000000000000000e+00,0.000000000000000000e+00,0.000000000000000000e+00,0.000000000000000000e+00,9.046079225752974573e-02,-2.230299999999999991e-02,-1.499999999999999944e-01,1.614977835176236720e-01,2.229700000000000085e-02,-1.416687774867014527e-01,1.174778351762365003e-02,-2.230299999999999991e-02,-1.416687774867014527e-01,-5.928920774247026931e-02,2.229700000000000085e-02,-1.499999999999999944e-01,4.101890226194950251e-01,2.490920604563688912e-01,-8.999999938081771900e-01,-5.058812786309908605e-01,-2.107922795396258708e-01,-8.999999919940129267e-01,5.058389263209644993e-01,-2.107922795396527105e-01,-8.999999919940128157e-01,-4.102290226194507672e-01,2.490920604563758578e-01,-8.999999938081822970e-01,-3.650163745370665902e-01,5.109677117800076829e+00,-2.505581853107230472e-08,8.716152020684653223e-02,2.429720945472987892e-01,1.554565365324833692e-08,-8.705334342292148087e-02,2.429720945474597715e-01,1.554564810213321380e-08,3.650163745369444657e-01,5.109677117800261570e+00,-2.505631813143338604e-08
2.848484848484848508e-01,0.000000000000000000e+00,1.499999999999999944e-01,0.000000000000000000e+00,0.000000000000000000e+00,0.000000000000000000e+00,1.000000000000000000e+00,2.999999999999999889e-01,0.000000000000000000e+00,0.000000000000000000e+00,0.000000000000000000e+00,0.000000000000000000e+00,0.000000000000000000e+00,7.590881632818104185e-02,-2.230299999999999991e-02,-1.499999999999999944e-01,1.661908963049685828e-01,2.229700000000000085e-02,-1.492954210108411728e-01,1.644089630496856080e-02,-2.230299999999999991e-02,-1.492954210108411728e-01,-7.384118367181896625e-02,2.229700000000000085e-02,-1.499999999999999944e-01,4.028886951287536933e-01,3.512856028123704233e-01,-8.999999943092935606e-01,-5.041380482268539298e-01,-2.059328376486798950e-01,-8.999999916830998536e-01,5.040978594525060696e-01,-2.059328376487035150e-01,-8.999999916830998536e-01,-4.029286951287118779e-01,3.512856028123810814e-01,-8.999999943093086596e-01,-1.709969984528714182e-01,5.226842396105224609e+00,-1.672936789098855570e-08,1.859133652952760229e-02,5.222536421981421872e-02,1.088618084565950994e-09,-1.858189780756802634e-02,5.222536421982948429e-02,1.088623635681074120e-09,1.709969984527909270e-01,5.226842396105427113e+00,-1.672990079804037578e-08
2.909090909090908950e-01,0.000000000000000000e+00,1.499999999999999944e-01,0.000000000000000000e+00,0.000000000000000000e+00,0.000000000000000000e+00,1.000000000000000000e+00,2.999999999999999889e-01,0.000000000000000000e+00,0.000000000000000000e+00,0.000000000000000000e+00,0.000000000000000000e+00,0.000000000000000000e+00,6.135879299731211017e-02,-2.230299999999999991e-02,-1.499999999999999944e-01,1.664989619886957650e-01,2.229700000000000085e-02,-1.499999999999999944e-01,1.674896198869575692e-02,-2.230299999999999991e-02,-1.499999999999999944e-01,-8.839120700268790487e-02,2.229700000000000085e-02,-1.499999999999999944e-01,3.994687551596962649e-01,4.558224507344749155e-01,-8.999999946438809184e-01,-5.037662214962633778e-01,-2.048883303642836107e-01,-8.999999916613274920e-01,5.037262214963547091e-01,-2.048883303643069254e-01,-8.999999916613273809e-01,-3.995087551596560593e-01,4.558224507344896259e-01,-8.999999946439066756e-01,1.602126330324527004e-02,4.775123127171887916e+00,9.130363132214824873e-10,4.064281876726694165e-02,1.146730902598980251e-01,-3.954725436017270113e-10,-4.064281876729469722e-02,1.146730902599174540e-01,-3.954725436017270113e-10,-1.602126330322861669e-02,4.775123127171684523e+00,9.132750111717768959e-10
2.969696969696969946e-01,0.000000000000000000e+00,1.499999999999999944e-01,0.000000000000000000e+00,0.000000000000000000e+00,0.000000000000000000e+00,1.000000000000000000e+00,2.999999999999999889e-01,0.000000000000000000e+00,0.000000000000000000e+00,0.000000000000000000e+00,0.000000000000000000e+00,0.000000000000000000e+00,4.815127474624289472e-02,-2.230299999999999991e-02,-1.499999999999999944e-01,1.660349085293209570e-01,2.229700000000000085e-02,-1.499999999999999944e-01,1.628490852932093502e-02,-2.230299999999999991e-02,-1.499999999999999944e-01,-1.015987252537571134e-01,2.229700000000000085e-02,-1.499999999999999944e-01,3.997891804257611703e-01,5.513249132779126649e-01,-8.999999946256201921e-01,-5.029533651209180389e-01,-2.025948685590856502e-01,-8.999999916692369428e-01,5.029133651210088152e-01,-2.025948685591085763e-01,-8.999999916692368318e-01,-3.998291804257206317e-01,5.513249132779233230e-01,-8.999999946256411754e-01,1.347166984557085501e-01,3.889654512152396215e+00,1.268084526273582924e-08,9.896965449342487453e-02,2.820002465877977094e-01,-9.797329614258387664e-10,-9.896965449350259014e-02,2.820002465878199138e-01,-9.797329614258387664e-10,-1.347166984556447122e-01,3.889654512152035615e+00,1.268140037424814182e-08
3.030303030303030387e-01,0.000000000000000000e+00,1.499999999999999944e-01,0.000000000000000000e+00,0.000000000000000000e+00,0.000000000000000000e+00,1.000000000000000000e+00,2.999999999999999889e-01,0.000000000000000000e+00,0.000000000000000000e+00,0.000000000000000000e+00,0.000000000000000000e+00,0.000000000000000000e+00,3.731869885186942654e-02,-2.230299999999999991e-02,-1.499999999999999944e-01,1.648986404322497212e-01,2.229700000000000085e-02,-1.499999999999999944e-01,1.514864043224972701e-02,-2.230299999999999991e-02,-1.499999999999999944e-01,-1.124313011481305746e-01,2.229700000000000085e-02,-1.499999999999999944e-01,4.024835143948753413e-01,6.291180035209605892e-01,-8.999999943720032869e-01,-5.009739720310495414e-01,-1.969548636273296960e-01,-8.999999916888316021e-01,5.009339720311387634e-01,-1.969548636273521780e-01,-8.999999916888314910e-01,-4.025235143948335259e-01,6.291180035209640309e-01,-8.999999943720131679e-01,1.703056850786949239e-01,2.855058085857242745e+00,1.344953592941067200e-08,1.601939947939973186e-01,4.649862047346062233e-01,-1.637906477114370318e-09,-1.601939947941305453e-01,4.649862047346534077e-01,-1.637906477114370318e-09,-1.703056850786338616e-01,2.855058085857020700e+00,1.344985234297269017e-08
3.090909090909091383e-01,0.000000000000000000e+00,1.499999999999999944e-01,0.000000000000000000e+00,0.000000000000000000e+00,0.000000000000000000e+00,1.000000000000000000e+00,2.999999999999999889e-01,0.000000000000000000e+00,0.000000000000000000e+00,0.000000000000000000e+00,0.000000000000000000e+00,0.000000000000000000e+00,2.926036545770804853e-02,-2.230299999999999991e-02,-1.499999999999999944e-01,1.630401183832492495e-01,2.229700000000000085e-02,-1.499999999999999944e-01,1.329011838324924144e-02,-2.230299999999999991e-02,-1.499999999999999944e-01,-1.204896345422919596e-01,2.229700000000000085e-02,-1.499999999999999944e-01,4.058896280964492398e-01,6.862191652381054441e-01,-8.999999941030125683e-01,-4.977700921351695951e-01,-1.876551395326375715e-01,-8.999999917215897316e-01,4.977300921352561525e-01,-1.876551395326591098e-01,-8.999999917215896206e-01,-4.059296280964062031e-01,6.862191652381044449e-01,-8.999999941030161210e-01,1.438763438067675038e-01,1.850870908051349684e+00,9.649386845111962430e-09,2.140200469388481297e-01,6.384881307655992932e-01,-2.294919809742168582e-09,-2.140200469389980098e-01,6.384881307656589122e-01,-2.294919809742168582e-09,-1.438763438067147682e-01,1.850870908051238661e+00,9.649508969644671197e-09
3.151515151515151825e-01,0.000000000000000000e+00,1.499999999999999944e-01,0.000000000000000000e+00,0.000000000000000000e+00,0.000000000000000000e+00,1.000000000000000000e+00,2.999999999999999889e-01,0.000000000000000000e+00,0.000000000000000000e+00,0.000000000000000000e+00,0.000000000000000000e+00,0.000000000000000000e+00,2.396519520441758866e-02,-2.230299999999999991e-02,-1.499999999999999944e-01,1.605179723798438873e-01,2.229700000000000085e-02,-1.499999999999999944e-01,1.076797237984386535e-02,-2.230299999999999991e-02,-1.499999999999999944e-01,-1.257848047955824056e-01,2.229700000000000085e-02,-1.499999999999999944e-01,4.087671549725845899e-01,7.232365833991324378e-01,-8.999999939100248314e-01,-4.934896911963926325e-01,-1.748853769173255857e-01,-8.999999917674881278e-01,4.934496911964761923e-01,-1.748853769173459305e-01,-8.999999917674880168e-01,-4.088071549725404985e-01,7.232365833991292181e-01,-8.999999939100259416e-01,9.034458712233461863e-02,1.014116841746653952e+00,5.452305273934143770e-09,2.566323711913676142e-01,7.934071808809020077e-01,-2.926314746076741358e-09,-2.566323711915452499e-01,7.934071808809617377e-01,-2.926314746076741358e-09,-9.034458712231241417e-02,1.014116841746609543e+00,5.452355233970251902e-09
3.212121212121212266e-01,0.000000000000000000e+00,1.499999999999999944e-01,0.000000000000000000e+00,0.000000000000000000e+00,0.000000000000000000e+00,1.000000000000000000e+00,2.999999999999999889e-01,0.000000000000000000e+00,0.000000000000000000e+00,0.000000000000000000e+00,0.000000000000000000e+00,0.000000000000000000e+00,2.103492500380987895e-02,-2.230299999999999991e-02,-1.499999999999999944e-01,1.574305236306797473e-01,2.229700000000000085e-02,-1.499999999999999944e-01,7.680523630679739200e-03,-2.230299999999999991e-02,-1.499999999999999944e-01,-1.287150749961901153e-01,2.229700000000000085e-02,-1.499999999999999944e-01,4.105740467150312822e-01,7.435189202340655168e-01,-8.999999938009787259e-01,-4.883570437725652802e-01,-1.590172332997075444e-01,-8.999999918260144227e-01,4.883170437726452873e-01,-1.590172332997266957e-01,-8.999999918260143117e-01,-4.106140467149867468e-01,7.435189202340614090e-01,-8.999999938009788369e-01,3.983155127751381031e-02,4.197894601876306364e-01,2.278705002467518170e-09,2.884051965248879412e-01,9.309083923281391559e-01,-3.593997321971187375e-09,-2.884051965250766791e-01,9.309083923282015505e-01,-3.593986219740941124e-09,-3.983155127749160584e-02,4.197894601876250853e-01,2.278716104697764422e-09
3.272727272727273262e-01,0.000000000000000000e+00,1.499999999999999944e-01,0.000000000000000000e+00,0.000000000000000000e+00,0.000000000000000000e+00,1.000000000000000000e+00,2.999999999999999889e-01,0.000000000000000000e+00,0.000000000000000000e+00,0.000000000000000000e+00,0.000000000000000000e+00,0.000000000000000000e+00,1.981530425126230843e-02,-2.230299999999999991e-02,-1.499999999999999944e-01,1.538713862373590757e-01,2.229700000000000085e-02,-1.499999999999999944e-01,4.121386237359081495e-03,-2.230299999999999991e-02,-1.499999999999999944e-01,-1.299346957487376997e-01,2.229700000000000085e-02,-1.499999999999999944e-01,4.113706777405815584e-01,7.519147094378181295e-01,-8.999999937554046259e-01,-4.825889398420675214e-01,-1.403990654531447613e-01,-8.999999918978943692e-01,4.825489398421437537e-01,-1.403990654531626636e-01,-8.999999918978940361e-01,-4.114106777405365789e-01,7.519147094378139107e-01,-8.999999937554045149e-01,8.750148361988396850e-03,9.023796080524504326e-02,4.911182571731842472e-10,3.117342140668805106e-01,1.057777261948673830e+00,-4.166939016059245660e-09,-3.117342140670747996e-01,1.057777261948755099e+00,-4.166944567174368785e-09,-8.750148361988396850e-03,9.023796080522838992e-02,4.911238082883073730e-10
3.333333333333333148e-01,0.000000000000000000e+00,1.499999999999999944e-01,0.000000000000000000e+00,0.000000000000000000e+00,0.000000000000000000e+00,1.000000000000000000e+00,2.999999999999999889e-01,0.000000000000000000e+00,0.000000000000000000e+00,0.000000000000000000e+00,0.000000000000000000e+00,0.000000000000000000e+00,1.955260294912619656e-02,-2.230299999999999991e-02,-1.499999999999999944e-01,1.499064540558667225e-01,2.229700000000000085e-02,-1.499999999999999944e-01,1.564540558667004699e-04,-2.230299999999999991e-02,-1.499999999999999944e-01,-1.301973970508737977e-01,2.229700000000000085e-02,-1.499999999999999944e-01,4.115456807078213264e-01,7.537194686539230304e-01,-8.999999937455822607e-01,-4.763542555607299112e-01,-1.192435202141712836e-01,-8.999999919812331495e-01,4.763142555608022577e-01,-1.192435202141875622e-01,-8.999999919812329274e-01,-4.115856807077763468e-01,7.537194686539184785e-01,-8.999999937455820387e-01,-6.656289956025185361e-04,-6.833619141571878330e-03,-8.400280471221321932e-10,3.293745809153980630e-01,1.182879573912443139e+00,-4.839351142038594844e-09,-3.293745809155729232e-01,1.182879573912511750e+00,-4.839351142038594844e-09,6.643198417866091887e-04,-6.833619141571878330e-03,-8.400280471221321932e-10
3.393939393939394145e-01,0.000000000000000000e+00,1.499999999999999944e-01,0.000000000000000000e+00,0.000000000000000000e+00,0.000000000000000000e+00,1.000000000000000000e+00,2.999999999999999889e-01,0.000000000000000000e+00,0.000000000000000000e+00,0.000000000000000000e+00,0.000000000000000000e+00,0.000000000000000000e+00,1.959636541065411242e-02,-2.230299999999999991e-02,-1.499018776923630725e-01,1.455672039029392018e-01,2.229700000000000085e-02,-1.499999999999999944e-01,-4.182796097060806351e-03,-2.230299999999999991e-02,-1.499999999999999944e-01,-1.301536345893458957e-01,2.229700000000000085e-02,-1.499018776923630725e-01,4.115323681279092760e-01,7.535827962710915928e-01,-8.999999937623828217e-01,-4.697667639424219499e-01,-9.558592873592242078e-02,-8.999999920780201723e-01,4.697267639424907992e-01,-9.558592873593732553e-02,-8.999999920780199503e-01,-4.115723943109406147e-01,7.535827962710870409e-01,-8.999999937623825996e-01,-4.338702568791874548e-02,-4.543888529778106200e-01,-3.604023746106577164e-08,3.434051234330659508e-01,1.314643036139211185e+00,-5.600153674123475867e-09,-3.434051234332491376e-01,1.314643036139286680e+00,-5.600159225238598992e-09,4.333217580365367194e-02,-4.543888529777939667e-01,-3.604024301218089477e-08
3.454545454545454586e-01,0.000000000000000000e+00,1.499999999999999944e-01,0.000000000000000000e+00,0.000000000000000000e+00,0.000000000000000000e+00,1.000000000000000000e+00,2.999999999999999889e-01,0.000000000000000000e+00,0.000000000000000000e+00,0.000000000000000000e+00,0.000000000000000000e+00,0.000000000000000000e+00,2.185355728954695154e-02,-2.230299999999999991e-02,-1.459031108130643684e-01,1.408548046073714866e-01,2.229700000000000085e-02,-1.499999999999999944e-01,-8.895195392628521547e-03,-2.230299999999999991e-02,-1.499999999999999944e-01,-1.278964427104530566e-01,2.229700000000000085e-02,-1.459031108130643684e-01,4.106646276141509011e-01,7.444950192115353804e-01,-8.999999944831875709e-01,-4.628986614737606309e-01,-6.929306801313819819e-02,-8.999999921900232458e-01,4.628586614738258165e-01,-6.929306801315159026e-02,-8.999999921900231348e-01,-4.107057507948675412e-01,7.444950192115311616e-01,-8.999999944831874599e-01,-1.720530897561023398e-01,-2.011209487504417304e+00,-3.160732564566615110e-07,3.586605293168787512e-01,1.476161036036677920e+00,-6.562622667516393449e-09,-3.586605293170563868e-01,1.476161036036732321e+00,-6.562628218631516575e-09,1.718848796032568238e-01,-2.011209487504450610e+00,-3.160731731899346642e-07
3.515151515151515027e-01,0.000000000000000000e+00,1.499999999999999944e-01,0.000000000000000000e+00,0.000000000000000000e+00,0.000000000000000000e+00,1.000000000000000000e+00,2.999999999999999889e-01,0.000000000000000000e+00,0.000000000000000000e+00,0.000000000000000000e+00,0.000000000000000000e+00,0.000000000000000000e+00,2.964804707677497209e-02,-2.230299999999999991e-02,-1.348696975117969765e-01,1.356923695785758888e-01,2.229700000000000085e-02,-1.499999999999999944e-01,-1.405763042142411240e-02,-2.230299999999999991e-02,-1.499999999999999944e-01,-1.201019529232250360e-01,2.229700000000000085e-02,-1.348696975117969765e-01,4.072235658190288543e-01,7.042708294614470343e-01,-9.000000008046527000e-01,-4.557254508874230559e-01,-3.976984729240463923e-02,-8.999999923212756991e-01,4.556854508874846887e-01,-3.976984729241694189e-02,-8.999999923212756991e-01,-4.072680532028024047e-01,7.042708294614421494e-01,-9.000000008046509237e-01,1.014835144905879005e+00,2.182962239537955540e+00,-1.266957942744370058e+01,3.884078518447631190e-01,1.740607282179578608e+00,-8.099693138419183924e-09,-3.884078518449324280e-01,1.740607282179665649e+00,-8.099693138419183924e-09,-1.015107944660020856e+00,2.182962239534652404e+00,-1.266957942743784926e+01
3.575757575757576023e-01,0.000000000000000000e+00,1.499999999999999944e-01,0.000000000000000000e+00,0.000000000000000000e+00,0.000000000000000000e+00,1.000000000000000000e+00,2.999999999999999889e-01,0.000000000000000000e+00,0.000000000000000000e+00,0.000000000000000000e+00,0.000000000000000000e+00,0.000000000000000000e+00,4.378536300192094333e-02,-2.230299999999999991e-02,-1.201360445811658212e-01,1.297666300612666523e-01,2.229700000000000085e-02,-1.499999999999999944e-01,-1.998336993873334189e-02,-2.230299999999999991e-02,-1.499999999999999944e-01,-1.059646369980790648e-01,2.229700000000000085e-02,-1.201360445811658212e-01,4.275202687171464344e-01,7.479300742522061451e-01,-1.153391589353526703e+00,-4.479572938505277935e-01,-4.957701648813064160e-03,-8.999999924832695619e-01,4.479172938505860402e-01,-4.957701648823627759e-03,-8.999999924832695619e-01,-4.275702120960028219e-01,7.479300742521352019e-01,-1.153391589353407909e+00,2.845566573635183172e+00,1.200981799230277369e+00,-1.873640672212577485e+01,4.265912007457850486e-01,2.123840484294418740e+00,-1.036631891437878039e-08,-4.265912007459626842e-01,2.123840484294477360e+00,-1.036630226103341101e-08,-2.845874276445495177e+00,1.200981799228700853e+00,-1.873640672212237845e+01
3.636363636363636465e-01,0.000000000000000000e+00,1.499999999999999944e-01,0.000000000000000000e+00,0.000000000000000000e+00,0.000000000000000000e+00,1.000000000000000000e+00,2.999999999999999889e-01,0.000000000000000000e+00,0.000000000000000000e+00,0.000000000000000000e+00,0.000000000000000000e+00,0.000000000000000000e+00,6.360577938255262964e-02,-2.230299999999999991e-02,-1.069567614592602522e-01,1.227507183855675310e-01,2.229700000000000085e-02,-1.499999999999999944e-01,-2.699928161443248403e-02,-2.230299999999999991e-02,-1.499999999999999944e-01,-8.614422061744737846e-02,2.229700000000000085e-02,-1.069567614592602522e-01,4.844316001898500978e-01,7.719497102368116925e-01,-1.528119723796042218e+00,-4.394254698356120925e-01,3.751910803707531050e-02,-8.999999926905959402e-01,4.393854698356667865e-01,3.751910803706592218e-02,-8.999999926905956071e-01,-4.844876976249127276e-01,7.719497102367092189e-01,-1.528119723795855478e+00,1.781756320732341692e+00,-1.184065797368242734e+01,-2.671246713855413013e+00,4.621012609867997112e-01,2.634354815822574469e+00,-1.345250577600154429e-08,-4.621012609869773469e-01,2.634354815822647744e+00,-1.345249467377129804e-08,-1.781944426802173354e+00,-1.184065797368294959e+01,-2.671246713851038734e+00
3.696969696969697461e-01,0.000000000000000000e+00,1.499999999999999944e-01,0.000000000000000000e+00,0.000000000000000000e+00,0.000000000000000000e+00,1.000000000000000000e+00,2.999999999999999889e-01,0.000000000000000000e+00,0.000000000000000000e+00,0.000000000000000000e+00,0.000000000000000000e+00,0.000000000000000000e+00,8.760004341108539039e-02,-2.230299999999999991e-02,-1.002346212747620147e-01,1.143375740963790965e-01,2.229700000000000085e-02,-1.499999999999999944e-01,-3.541242590362091158e-02,-2.230299999999999991e-02,-1.499999999999999944e-01,-6.214995658891461772e-02,2.229700000000000085e-02,-1.002346212747620147e-01,5.200667266044969317e-01,5.351365507631631324e-01,-1.581544658073150478e+00,-4.301834446158760983e-01,9.020620435352680322e-02,-8.999999929596460557e-01,4.301434446159272396e-01,9.020620435351887900e-02,-8.999999929596455006e-01,-5.201265861609561947e-01,5.351365507630502227e-01,-1.581544658072876253e+00,-8.347241502943192337e-01,-2.084806882342819989e+01,1.733424807743737617e+01,4.781951222605773655e-01,3.265538352207053574e+00,-1.666667359678797311e-08,-4.781951222607438989e-01,3.265538352207154382e+00,-1.666669025013334249e-08,8.348118161909223733e-01,-2.084806882342716960e+01,1.733424807743651996e+01
3.757575757575757902e-01,0.000000000000000000e+00,1.499999999999999944e-01,0.000000000000000000e+00,0.000000000000000000e+00,0.000000000000000000e+00,1.000000000000000000e+00,2.999999999999999889e-01,0.000000000000000000e+00,0.000000000000000000e+00,0.000000000000000000e+00,0.000000000000000000e+00,0.000000000000000000e+00,1.132884785184574139e-01,-2.230299999999999991e-02,-1.032591358195658060e-01,1.042863562614081696e-01,2.229700000000000085e-02,-1.499999999999999944e-01,-4.546364373859183849e-02,-2.230299999999999991e-02,-1.499999999999999944e-01,-3.646152148154259420e-02,2.229700000000000085e-02,-1.032591358195658060e-01,5.033722435986105470e-01,1.181751742945990891e-01,-1.234859696524402972e+00,-4.206195421706645510e-01,1.555169713976678747e-01,-8.999999932929795277e-01,4.205795421707123616e-01,1.555169713976619628e-01,-8.999999932929793056e-01,-5.034303498371377472e-01,1.181751742945067879e-01,-1.234859696524145845e+00,-4.642389549694897477e-01,-1.475034519499867613e+01,1.674298495576359969e+01,4.524734325928009282e-01,3.968244702363683984e+00,-2.200606363800261533e-08,-4.524734325929535839e-01,3.968244702363652010e+00,-2.200585824674305968e-08,4.645555554515429231e-01,-1.475034519499227592e+01,1.674298495575063228e+01
3.818181818181818898e-01,0.000000000000000000e+00,1.499999999999999944e-01,0.000000000000000000e+00,0.000000000000000000e+00,0.000000000000000000e+00,1.000000000000000000e+00,2.999999999999999889e-01,0.000000000000000000e+00,0.000000000000000000e+00,0.000000000000000000e+00,0.000000000000000000e+00,0.000000000000000000e+00,1.370557071108873259e-01,-2.230299999999999991e-02,-1.158877710497758784e-01,9.252404209339142038e-02,2.229700000000000085e-02,-1.499999999999999944e-01,-5.722595790660858078e-02,-2.230299999999999991e-02,-1.499999999999999944e-01,-1.269429288911268217e-02,2.229700000000000085e-02,-1.158877710497758784e-01,4.940874644992207521e-01,-1.768317296053744381e-01,-8.999999974091309474e-01,-4.115700735188085324e-01,2.348818654449415511e-01,-8.999999937331008004e-01,4.115300735188532899e-01,2.348818654449350007e-01,-8.999999937330964705e-01,-4.941392387281068888e-01,-1.768317296053387166e-01,-8.999999974091331678e-01,5.743782957581683446e-01,-1.661603426628342817e+00,2.414586697252474323e-07,3.639458433944225968e-01,4.613158423869853308e+00,-2.334286652860839695e-08,-3.639458433945530480e-01,4.613158423869726299e+00,-2.334247795054977814e-08,-5.740463108699106476e-01,-1.661603426628599500e+00,2.414587696453196486e-07
3.878787878787878785e-01,0.000000000000000000e+00,1.499999999999999944e-01,0.000000000000000000e+00,0.000000000000000000e+00,0.000000000000000000e+00,1.000000000000000000e+00,2.999999999999999889e-01,0.000000000000000000e+00,0.000000000000000000e+00,0.000000000000000000e+00,0.000000000000000000e+00,0.000000000000000000e+00,1.548660891605421197e-01,-2.230299999999999991e-02,-1.329359103806668219e-01,7.930791848639973107e-02,2.229700000000000085e-02,-1.499999999999999944e-01,-7.044208151360027703e-02,-2.230299999999999991e-02,-1.499999999999999944e-01,5.116089160542111602e-03,2.229700000000000085e-02,-1.329359103806668219e-01,5.055750304143841189e-01,-2.100637981379412933e-01,-8.999999925799575529e-01,-4.042911566509200805e-01,3.271450339223386239e-01,-8.999999941999581310e-01,4.042511566509622289e-01,3.271450339223295201e-01,-8.999999941999460296e-01,-5.056201649455051017e-01,-2.100637981379107067e-01,-8.999999925799577749e-01,-2.396037045397370058e-02,6.694293519106941925e-02,3.878131149548380563e-08,2.115762913125013300e-01,4.983151475476294223e+00,-1.905638979948776068e-08,-2.115762913125873723e-01,4.983151475476055303e+00,-1.905580138128470935e-08,2.416142205375337859e-02,6.694293519080296573e-02,3.878131704659892875e-08
3.939393939393939226e-01,0.000000000000000000e+00,1.499999999999999944e-01,0.000000000000000000e+00,0.000000000000000000e+00,0.000000000000000000e+00,1.000000000000000000e+00,2.999999999999999889e-01,0.000000000000000000e+00,0.000000000000000000e+00,0.000000000000000000e+00,0.000000000000000000e+00,0.000000000000000000e+00,1.642654166608251420e-01,-2.230299999999999991e-02,-1.459374685526540760e-01,6.537761849163008232e-02,2.229700000000000085e-02,-1.499999999999999944e-01,-8.437238150836992578e-02,-2.230299999999999991e-02,-1.499999999999999944e-01,1.451541666082513393e-02,2.229700000000000085e-02,-1.459374685526540760e-01,5.050958230053046449e-01,-2.087249394341199049e-01,-8.999999918043313230e-01,-4.000596308246700539e-01,4.268080634318645039e-01,-8.999999945810859270e-01,4.000196308247104815e-01,4.268080634318506261e-01,-8.999999945810620572e-01,-5.051369365044300341e-01,-2.087249394340946473e-01,-8.999999918043314340e-01,-6.320633100836414719e-02,1.769976202808998256e-01,7.132477941595993798e-09,3.278202096748394911e-02,4.862118006974908369e+00,-4.323058577782035172e-09,-3.278202096749505134e-02,4.862118006974968765e+00,-4.323058577782035172e-09,6.326149054974306019e-02,1.769976202808096200e-01,7.132483492711116924e-09
4.000000000000000222e-01,0.000000000000000000e+00,1.499999999999999944e-01,0.000000000000000000e+00,0.000000000000000000e+00,0.000000000000000000e+00,1.000000000000000000e+00,2.999999999999999889e-01,0.000000000000000000e+00,0.000000000000000000e+00,0.000000000000000000e+00,0.000000000000000000e+00,0.000000000000000000e+00,1.665305998450619662e-01,-2.230299999999999991e-02,-1.499613534995518083e-01,5.192642321902497110e-02,2.229700000000000085e-02,-1.499999999999999944e-01,-9.782357678097503006e-02,-2.230299999999999991e-02,-1.499999999999999944e-01,1.678059984506197200e-02,2.229700000000000085e-02,-1.499613534995518083e-01,5.038316963851373620e-01,-2.051849870285019084e-01,-8.999999916616817641e-01,-3.994039904053203749e-01,5.240504235713626668e-01,-8.999999946675470985e-01,3.993639904053605805e-01,5.240504235713500103e-01,-8.999999946675232287e-01,-5.038717066934351729e-01,-2.051849870284784549e-01,-8.999999916616817641e-01,-4.390050342478746259e-02,1.238022436626712297e-01,-3.580469254416129843e-10,-1.086827260633055348e-01,4.203048646411095213e+00,1.054337728234600036e-08,1.086827260633693726e-01,4.203048646411478018e+00,1.054282772194881090e-08,4.390101884421682144e-02,1.238022436626615153e-01,-3.580469254416129843e-10
4.060606060606060663e-01,0.000000000000000000e+00,1.499999999999999944e-01,0.000000000000000000e+00,0.000000000000000000e+00,0.000000000000000000e+00,1.000000000000000000e+00,2.999999999999999889e-01,0.000000000000000000e+00,0.000000000000000000e+00,0.000000000000000000e+00,0.000000000000000000e+00,0.000000000000000000e+00,1.660579624560962475e-01,-2.230299999999999991e-02,-1.499999999999999944e-01,4.025696435628896980e-02,2.229700000000000085e-02,-1.499999999999999944e-01,-1.094930356437110452e-01,-2.230299999999999991e-02,-1.499999999999999944e-01,1.630796245609623940e-02,2.229700000000000085e-02,-1.499999999999999944e-01,5.029536863166416127e-01,-2.027089421552484838e-01,-8.999999916688427026e-01,-4.015776449265864856e-01,6.081113964995845667e-01,-8.999999944566795529e-01,4.015376449266279679e-01,6.081113964995795707e-01,-8.999999944566666743e-01,-5.029936863165508365e-01,-2.027089421552252246e-01,-8.999999916688427026e-01,-9.905467819956159659e-02,2.821637927471129514e-01,-9.800937839088419423e-10,-1.694682757977461485e-01,3.195387428406237795e+00,1.413563710528364936e-08,1.694682757978072107e-01,3.195387428406493147e+00,1.413523187387966118e-08,9.905467819948388097e-02,2.821637927470838081e-01,-9.800937839088419423e-10
4.121212121212121660e-01,0.000000000000000000e+00,1.499999999999999944e-01,0.000000000000000000e+00,0.000000000000000000e+00,0.000000000000000000e+00,1.000000000000000000e+00,2.999999999999999889e-01,0.000000000000000000e+00,0.000000000000000000e+00,0.000000000000000000e+00,0.000000000000000000e+00,0.000000000000000000e+00,1.649208964879012862e-01,-2.230299999999999991e-02,-1.499999999999999944e-01,3.127555335961913763e-02,2.229700000000000085e-02,-1.499999999999999944e-01,-1.184744466403808705e-01,-2.230299999999999991e-02,-1.499999999999999944e-01,1.517089648790127809e-02,2.229700000000000085e-02,-1.499999999999999944e-01,5.009725927526503808e-01,-1.970656663003062248e-01,-8.999999916884445783e-01,-4.049670104425414086e-01,6.720191450677093226e-01,-8.999999941739668108e-01,4.049270104425841121e-01,6.720191450677094336e-01,-8.999999941739620368e-01,-5.010125927525611589e-01,-1.970656663002835485e-01,-8.999999916884445783e-01,-1.589895537248975366e-01,4.613213315226960543e-01,-1.624556045243252811e-09,-1.567221276603691926e-01,2.137498745321231297e+00,1.094938029133629698e-08,1.567221276604247038e-01,2.137498745321369853e+00,1.094921930899772633e-08,1.589895537247698609e-01,4.613213315226419309e-01,-1.624561596358375937e-09
4.181818181818182101e-01,0.000000000000000000e+00,1.499999999999999944e-01,0.000000000000000000e+00,0.000000000000000000e+00,0.000000000000000000e+00,1.000000000000000000e+00,2.999999999999999889e-01,0.000000000000000000e+00,0.000000000000000000e+00,0.000000000000000000e+00,0.000000000000000000e+00,0.000000000000000000e+00,1.630767305865766514e-01,-2.230299999999999991e-02,-1.499999999999999944e-01,2.518217369640772529e-02,2.229700000000000085e-02,-1.499999999999999944e-01,-1.245678263035922828e-01,-2.230299999999999991e-02,-1.499999999999999944e-01,1.332673058657664333e-02,2.229700000000000085e-02,-1.499999999999999944e-01,4.977928016781524301e-01,-1.878392396698523037e-01,-8.999999917209356992e-01,-4.081014529957487924e-01,7.147691199741339485e-01,-8.999999939549792050e-01,4.080614529957926062e-01,7.147691199741368351e-01,-8.999999939549776506e-01,-4.978328016780657617e-01,-1.878392396698307099e-01,-8.999999917209358102e-01,-2.111583290655583145e-01,6.295224855291283728e-01,-2.261568710082428879e-09,-1.064714178194453575e-01,1.230003710890914537e+00,6.577860478529373722e-09,1.064714178194758887e-01,1.230003710890970048e+00,6.577793865147896213e-09,2.111583290654056588e-01,6.295224855290743049e-01,-2.261568710082428879e-09
4.242424242424243097e-01,0.000000000000000000e+00,1.499999999999999944e-01,0.000000000000000000e+00,0.000000000000000000e+00,0.000000000000000000e+00,1.000000000000000000e+00,2.999999999999999889e-01,0.000000000000000000e+00,0.000000000000000000e+00,0.000000000000000000e+00,0.000000000000000000e+00,0.000000000000000000e+00,1.605892806874009149e-01,-2.230299999999999991e-02,-1.499999999999999944e-01,2.163626607357850562e-02,2.229700000000000085e-02,-1.499999999999999944e-01,-1.281137339264215025e-01,-2.230299999999999991e-02,-1.499999999999999944e-01,1.083928068740092066e-02,2.229700000000000085e-02,-1.499999999999999944e-01,4.935696350968412638e-01,-1.752487899592697351e-01,-8.999999917661670734e-01,-4.102308813521376996e-01,7.393691941919522392e-01,-8.999999938234219954e-01,4.101908813521821240e-01,7.393691941919562360e-01,-8.999999938234217733e-01,-4.936096350967576485e-01,-1.752487899592492238e-01,-8.999999917661671844e-01,-2.528027255155912423e-01,7.806111086897813411e-01,-2.876587856803780596e-09,-5.227792655285168344e-02,5.575872970794648609e-01,3.021888295151597958e-09,5.227792655287111234e-02,5.575872970794926164e-01,3.021871641806228581e-09,2.528027255154247088e-01,7.806111086897173923e-01,-2.876587856803780596e-09
4.303030303030303538e-01,0.000000000000000000e+00,1.499999999999999944e-01,0.000000000000000000e+00,0.000000000000000000e+00,0.000000000000000000e+00,1.000000000000000000e+00,2.999999999999999889e-01,0.000000000000000000e+00,0.000000000000000000e+00,0.000000000000000000e+00,0.000000000000000000e+00,0.000000000000000000e+00,1.575500796462379616e-01,-2.230299999999999991e-02,-1.499999999999999944e-01,2.001805170548399959e-02,2.229700000000000085e-02,-1.499999999999999944e-01,-1.297319482945160085e-01,-2.230299999999999991e-02,-1.499999999999999944e-01,7.800079646237953468e-03,2.229700000000000085e-02,-1.499999999999999944e-01,4.885135805865294389e-01,-1.596365677854741094e-01,-8.999999918236988306e-01,-4.112764398831947332e-01,7.505209401335415365e-01,-8.999999937629842295e-01,4.112364398832395462e-01,7.505209401335460884e-01,-8.999999937629843405e-01,-4.885535805864491543e-01,-1.596365677854548748e-01,-8.999999918236989416e-01,-2.847330550762222634e-01,9.173196115805443140e-01,-3.537564685629490668e-09,-1.482439085387088351e-02,1.533736805116703295e-01,8.344325230780214042e-10,1.482439085387643463e-02,1.533736805116647783e-01,8.344269719628982784e-10,2.847330550760363010e-01,9.173196115804860273e-01,-3.537575787859736920e-09
4.363636363636363424e-01,0.000000000000000000e+00,1.499999999999999944e-01,0.000000000000000000e+00,0.000000000000000000e+00,0.000000000000000000e+00,1.000000000000000000e+00,2.999999999999999889e-01,0.000000000000000000e+00,0.000000000000000000e+00,0.000000000000000000e+00,0.000000000000000000e+00,0.000000000000000000e+00,1.540402192255879987e-01,-2.230299999999999991e-02,-1.499999999999999944e-01,1.957168576798899717e-02,2.229700000000000085e-02,-1.499999999999999944e-01,-1.301783142320110109e-01,-2.230299999999999991e-02,-1.499999999999999944e-01,4.290219225587997565e-03,2.229700000000000085e-02,-1.499999999999999944e-01,4.828189194850049937e-01,-1.412901755538632231e-01,-8.999999918944501243e-01,-4.115729277002721509e-01,7.535884137437749430e-01,-8.999999937462955790e-01,4.115329277003170749e-01,7.535884137437793839e-01,-8.999999937462958011e-01,-4.828589194849284283e-01,-1.412901755538451543e-01,-8.999999918944504573e-01,-3.092629784341438537e-01,1.046746956535412387e+00,-4.116390561748062282e-09,-6.249474265251908633e-04,6.421046416960063397e-03,-1.069200283865257006e-10,6.247150089289110753e-04,6.421046416965614512e-03,-1.069200283865257006e-10,3.092629784339578913e-01,1.046746956535339557e+00,-4.116385010632939156e-09
4.424242424242424421e-01,0.000000000000000000e+00,1.499999999999999944e-01,0.000000000000000000e+00,0.000000000000000000e+00,0.000000000000000000e+00,1.000000000000000000e+00,2.999999999999999889e-01,0.000000000000000000e+00,0.000000000000000000e+00,0.000000000000000000e+00,0.000000000000000000e+00,0.000000000000000000e+00,1.501127788829565435e-01,-2.230299999999999991e-02,-1.499999999999999944e-01,1.955722727288662643e-02,2.229700000000000085e-02,-1.499825707057765301e-01,-1.301927727271133817e-01,-2.230299999999999991e-02,-1.499825707057765301e-01,3.627788829565423145e-04,2.229700000000000085e-02,-1.499999999999999944e-01,4.766336599163221166e-01,-1.203552364231549737e-01,-8.999999919767779355e-01,-4.115854266488026547e-01,7.537168346721141443e-01,-8.999999937484339796e-01,4.115454220004956531e-01,7.537168346721186962e-01,-8.999999937484342016e-01,-4.766736599162492705e-01,-1.203552364231383620e-01,-8.999999919767781575e-01,-3.287804602731897452e-01,1.177243602356867980e+00,-4.806982589755648405e-09,2.952294143378775271e-02,-3.074847968783378516e-01,-2.351190353522270016e-08,-2.956210046977936212e-02,-3.074847968783378516e-01,-2.351189243299245391e-08,3.287804602730037828e-01,1.177243602356796481e+00,-4.806982589755648405e-09
4.484848484848484862e-01,0.000000000000000000e+00,1.499999999999999944e-01,0.000000000000000000e+00,0.000000000000000000e+00,0.000000000000000000e+00,1.000000000000000000e+00,2.999999999999999889e-01,0.000000000000000000e+00,0.000000000000000000e+00,0.000000000000000000e+00,0.000000000000000000e+00,0.000000000000000000e+00,1.457894281643640211e-01,-2.230299999999999991e-02,-1.499999999999999944e-01,2.113503672114666609e-02,2.229700000000000085e-02,-1.471027052989886674e-01,-1.286149632788533559e-01,-2.230299999999999991e-02,-1.471027052989886674e-01,-3.960571835635987026e-03,2.229700000000000085e-02,-1.499999999999999944e-01,4.700580507108583217e-01,-9.681036437601761580e-02,-8.999999920729175873e-01,-4.109949678201268997e-01,7.475671387345473873e-01,-8.999999942186720503e-01,4.109541799911000659e-01,7.475671387345519392e-01,-8.999999942186720503e-01,-4.700980507107891948e-01,-9.681036437600243350e-02,-8.999999920729178093e-01,-3.466083132156100310e-01,1.323011456347854331e+00,-5.625655496999115712e-09,1.457132572243585722e-01,-1.653761340289017223e+00,-3.409522608688320133e-07,-1.458611369774681643e-01,-1.653761340275011760e+00,-3.409775184426422356e-07,3.466083132154212931e-01,1.323011456347785497e+00,-5.625649945883992586e-09
4.545454545454545858e-01,0.000000000000000000e+00,1.499999999999999944e-01,0.000000000000000000e+00,0.000000000000000000e+00,0.000000000000000000e+00,1.000000000000000000e+00,2.999999999999999889e-01,0.000000000000000000e+00,0.000000000000000000e+00,0.000000000000000000e+00,0.000000000000000000e+00,0.000000000000000000e+00,1.410421158952985810e-01,-2.230299999999999991e-02,-1.499999999999999944e-01,2.786141093844402006e-02,2.229700000000000085e-02,-1.371572024690538572e-01,-1.218885890615559880e-01,-2.230299999999999991e-02,-1.371572024690538572e-01,-8.707884104701441030e-03,2.229700000000000085e-02,-1.499999999999999944e-01,4.631258844465461211e-01,-7.035013524906053028e-02,-8.999999921854306972e-01,-4.080807026756397282e-01,7.144919119287670428e-01,-9.000000010377172677e-01,4.080369572515507026e-01,7.144919119290517040e-01,-9.000000010382224191e-01,-4.631658844464807689e-01,-7.035013524904672189e-02,-8.999999921854308083e-01,-3.777404384936317028e-01,1.553504070790930447e+00,-6.903533300572917142e-09,-4.898483579498874585e-01,1.604451715156884894e-01,-7.964699467576380698e+00,4.895916929231886039e-01,1.604451715904786635e-01,-7.964699467708463487e+00,3.777404384934512915e-01,1.553504070790854508e+00,-6.903527749457794016e-09
4.606060606060606299e-01,0.000000000000000000e+00,1.499999999999999944e-01,0.000000000000000000e+00,0.000000000000000000e+00,0.000000000000000000e+00,1.000000000000000000e+00,2.999999999999999889e-01,0.000000000000000000e+00,0.000000000000000000e+00,0.000000000000000000e+00,0.000000000000000000e+00,0.000000000000000000e+00,1.356078175402140595e-01,-2.230299999999999991e-02,-1.499999999999999944e-01,4.087125152259358379e-02,2.229700000000000085e-02,-1.227527927520952883e-01,-1.088787484774064174e-01,-2.230299999999999991e-02,-1.227527927520952883e-01,-1.414218245978595551e-02,2.229700000000000085e-02,-1.499999999999999944e-01,4.555710756766734870e-01,-3.928005383324192218e-02,-8.999999923235013632e-01,-4.178776698346374774e-01,7.177008153590808126e-01,-1.059293990389244877e+00,4.178287911100144747e-01,7.177008153608612773e-01,-1.059293990392391693e+00,-4.556110756766117431e-01,-3.928005383322963340e-02,-8.999999923235013632e-01,-4.196298370646417419e-01,1.890497508968555840e+00,-8.820666419495637456e-09,-2.840575554119556756e+00,3.473016006467016581e+00,-2.111347933367024865e+01,2.840266970728708262e+00,3.473016006382811938e+00,-2.111347933352138995e+01,4.196298370644474529e-01,1.890497508968475682e+00,-8.820666419495637456e-09
4.666666666666666741e-01,0.000000000000000000e+00,1.499999999999999944e-01,0.000000000000000000e+00,0.000000000000000000e+00,0.000000000000000000e+00,1.000000000000000000e+00,2.999999999999999889e-01,0.000000000000000000e+00,0.000000000000000000e+00,0.000000000000000000e+00,0.000000000000000000e+00,0.000000000000000000e+00,1.291820172172340742e-01,-2.230299999999999991e-02,-1.499999999999999944e-01,5.965777399423592003e-02,2.229700000000000085e-02,-1.089910483173718303e-01,-9.009222600576408113e-02,-2.230299999999999991e-02,-1.089910483173718303e-01,-2.056798278276594089e-02,2.229700000000000085e-02,-1.499999999999999944e-01,4.471784789353806522e-01,-1.470103653870807490e-03,-8.999999924999146916e-01,-4.746891809170286081e-01,7.871611354884211487e-01,-1.481563577062649850e+00,4.746341305245886377e-01,7.871611354885175160e-01,-1.481563577062819492e+00,-4.472184789353227941e-01,-1.470103653860119859e-03,-8.999999924999146916e-01,-4.643737093229072244e-01,2.348992335815178745e+00,-1.153193651681760912e-08,-2.105811659110412570e+00,-9.497445765443323751e+00,-5.930305165677096646e+00,2.105588573492869653e+00,-9.497445765442314780e+00,-5.930305165681836854e+00,4.643737093227184864e-01,2.348992335815107246e+00,-1.153194761904785537e-08
4.727272727272727737e-01,0.000000000000000000e+00,1.499999999999999944e-01,0.000000000000000000e+00,0.000000000000000000e+00,0.000000000000000000e+00,1.000000000000000000e+00,2.999999999999999889e-01,0.000000000000000000e+00,0.000000000000000000e+00,0.000000000000000000e+00,0.000000000000000000e+00,0.000000000000000000e+00,1.214551838362283170e-01,-2.230299999999999991e-02,-1.499999999999999944e-01,8.286996760474765744e-02,2.229700000000000085e-02,-1.008198246980826079e-01,-6.688003239525235066e-02,-2.230299999999999991e-02,-1.008198246980826079e-01,-2.829481616377169106e-02,2.229700000000000085e-02,-1.499999999999999944e-01,4.378910047489225077e-01,4.550974306243276563e-02,-8.999999927305534220e-01,-5.168054140992368595e-01,5.972122201795546648e-01,-1.600169680376191783e+00,5.167459019944460330e-01,5.972122201796712382e-01,-1.600169680376456238e+00,-4.379310047488684243e-01,4.550974306244202905e-02,-8.999999927305536440e-01,-4.986911652800407602e-01,2.936635966895817962e+00,-1.858831977230579469e-08,2.847554803559027015e-01,-1.939057415642613691e+01,1.313270053382238345e+01,-2.847256137588627389e-01,-1.939057415642753313e+01,1.313270053382283820e+01,4.986911652798242667e-01,2.936635966895973837e+00,-1.858877496374589100e-08
4.787878787878787623e-01,0.000000000000000000e+00,1.499999999999999944e-01,0.000000000000000000e+00,0.000000000000000000e+00,0.000000000000000000e+00,1.000000000000000000e+00,2.999999999999999889e-01,0.000000000000000000e+00,0.000000000000000000e+00,0.000000000000000000e+00,0.000000000000000000e+00,0.000000000000000000e+00,1.121446196419926267e-01,-2.230299999999999991e-02,-1.499999999999999944e-01,1.082893615258612580e-01,2.229700000000000085e-02,-1.018420284750194693e-01,-4.146063847413875014e-02,-2.230299999999999991e-02,-1.018420284750194693e-01,-3.760538035800738144e-02,2.229700000000000085e-02,-1.499999999999999944e-01,4.279171814433216925e-01,1.042424624003491229e-01,-8.999999931023198174e-01,-5.111103044921188054e-01,2.094007370510319599e-01,-1.337515669699744114e+00,5.110513897192687782e-01,2.094007370511205834e-01,-1.337515669699999465e+00,-4.279571814432719390e-01,1.042424624003615019e-01,-8.999999931023291433e-01,-5.022573987054967937e-01,3.633604169532442363e+00,-1.510109259861280862e-08,1.098272145080323003e+00,-1.854370383511622578e+01,2.187578334734424246e+01,-1.097987677187764355e+00,-1.854370383511956177e+01,2.187578334735175645e+01,5.022573987053552402e-01,3.633604169532107964e+00,-1.510063740717271230e-08
4.848484848484848619e-01,0.000000000000000000e+00,1.499999999999999944e-01,0.000000000000000000e+00,0.000000000000000000e+00,0.000000000000000000e+00,1.000000000000000000e+00,2.999999999999999889e-01,0.000000000000000000e+00,0.000000000000000000e+00,0.000000000000000000e+00,0.000000000000000000e+00,0.000000000000000000e+00,1.010712941375685597e-01,-2.230299999999999991e-02,-1.499999999999999944e-01,1.325962119589181865e-01,2.229700000000000085e-02,-1.127281014676888848e-01,-1.715378804108183552e-02,-2.230299999999999991e-02,-1.127281014676888848e-01,-4.867870586243144837e-02,2.229700000000000085e-02,-1.499999999999999944e-01,4.178720334692117566e-01,1.769145457909979680e-01,-8.999999934043416694e-01,-4.891448615905123476e-01,-1.614733396512925412e-01,-9.000000027528592961e-01,4.890916361755134889e-01,-1.614733396512706420e-01,-9.000000027529643232e-01,-4.179120334691648342e-01,1.769145457910036578e-01,-8.999999934043418914e-01,-4.502286224235568790e-01,4.355665682788573356e+00,-2.409352717336332717e-08,-7.777430830226611524e-01,-2.301198797805281693e+00,4.898068450831516429e-07,7.780863941853038979e-01,-2.301198797808021279e+00,4.898122296648210749e-07,4.502286224234069989e-01,4.355665682788643522e+00,-2.409382693357997596e-08
4.909090909090909061e-01,0.000000000000000000e+00,1.499999999999999944e-01,0.000000000000000000e+00,0.000000000000000000e+00,0.000000000000000000e+00,1.000000000000000000e+00,2.999999999999999889e-01,0.000000000000000000e+00,0.000000000000000000e+00,0.000000000000000000e+00,0.000000000000000000e+00,0.000000000000000000e+00,8.830418270770384881e-02,-2.230299999999999991e-02,-1.499999999999999944e-01,1.518051423038670744e-01,2.229700000000000085e-02,-1.294241715159811790e-01,2.055142303867073250e-03,-2.230299999999999991e-02,-1.294241715159811790e-01,-6.144581729229615236e-02,2.229700000000000085e-02,-1.499999999999999944e-01,4.088674610207406190e-01,2.640278594467694306e-01,-8.999999938862122129e-01,-5.046997232509655706e-01,-2.074973156073981750e-01,-8.999999929567223944e-01,5.046533640592195669e-01,-2.074973156074310654e-01,-8.999999929567197299e-01,-4.089074610206966942e-01,2.640278594467765361e-01,-8.999999938862184301e-01,-3.267899049532896338e-01,4.921842489128633424e+00,-2.354139105875674431e-08,-4.318551360222855351e-02,-1.206821376225242215e-01,5.332354557907592607e-08,4.341837061952458221e-02,-1.206821376221800524e-01,5.332341790342809418e-08,3.267899049531647337e-01,4.921842489128843923e+00,-2.354190731246319501e-08
4.969696969696970057e-01,0.000000000000000000e+00,1.499999999999999944e-01,0.000000000000000000e+00,0.000000000000000000e+00,0.000000000000000000e+00,1.000000000000000000e+00,2.999999999999999889e-01,0.000000000000000000e+00,0.000000000000000000e+00,0.000000000000000000e+00,0.000000000000000000e+00,0.000000000000000000e+00,7.434107903513635651e-02,-2.230299999999999991e-02,-1.499999999999999944e-01,1.629697362928417270e-01,2.229700000000000085e-02,-1.438778137773699117e-01,1.321973629284173279e-02,-2.230299999999999991e-02,-1.438778137773699117e-01,-7.540892096486365159e-02,2.229700000000000085e-02,-1.499999999999999944e-01,4.023316629216748264e-01,3.624647092293420969e-01,-8.999999943570400340e-01,-5.055634335230101417e-01,-2.099109583598486595e-01,-8.999999918902514828e-01,5.055217314716100585e-01,-2.099109583598746664e-01,-8.999999918902513718e-01,-4.023716629216333995e-01,3.624647092293534212e-01,-8.999999943570565764e-01,-1.483092719238632284e-01,5.089350850574309248e+00,-1.497849067000345258e-08,8.006822645860167675e-02,2.236042860473699823e-01,1.109198843884939834e-08,-7.998648175107092584e-02,2.236042860474948824e-01,1.109198843884939834e-08,1.483092719237993906e-01,5.089350850574486884e+00,-1.497896251478891827e-08
5.030303030303030498e-01,0.000000000000000000e+00,1.499999999999999944e-01,0.000000000000000000e+00,0.000000000000000000e+00,0.000000000000000000e+00,1.000000000000000000e+00,2.999999999999999889e-01,0.000000000000000000e+00,0.000000000000000000e+00,0.000000000000000000e+00,0.000000000000000000e+00,0.000000000000000000e+00,6.019277139813287991e-02,-2.230299999999999991e-02,-1.499999999999999944e-01,1.664252179519337682e-01,2.229700000000000085e-02,-1.497485820843152682e-01,1.667521795193374623e-02,-2.230299999999999991e-02,-1.497485820843152682e-01,-8.955722860186712819e-02,2.229700000000000085e-02,-1.499999999999999944e-01,3.993654774831975618e-01,4.642517262408282774e-01,-8.999999946566098474e-01,-5.039620689938381082e-01,-2.054388726389012598e-01,-8.999999916684117141e-01,5.039220018365886400e-01,-2.054388726389247688e-01,-8.999999916684116030e-01,-3.994054774831574117e-01,4.642517262408431544e-01,-8.999999946566358267e-01,2.876506927815269954e-02,4.702101392476795816e+00,2.306588253730978977e-09,2.226407127554619336e-02,6.264651668369536353e-02,2.332745108191147665e-10,-2.226071340851731861e-02,6.264651668371062909e-02,2.332745108191147665e-10,-2.876506927813049508e-02,4.702101392476562225e+00,2.306888013947627769e-09
5.090909090909090384e-01,0.000000000000000000e+00,1.499999999999999944e-01,0.000000000000000000e+00,0.000000000000000000e+00,0.000000000000000000e+00,1.000000000000000000e+00,2.999999999999999889e-01,0.000000000000000000e+00,0.000000000000000000e+00,0.000000000000000000e+00,0.000000000000000000e+00,0.000000000000000000e+00,4.718540858824533946e-02,-2.230299999999999991e-02,-1.499999999999999944e-01,1.663567189817306002e-01,2.229700000000000085e-02,-1.499999999999999944e-01,1.660671898173059213e-02,-2.230299999999999991e-02,-1.499999999999999944e-01,-1.025645914117546686e-01,2.229700000000000085e-02,-1.499999999999999944e-01,3.999407788687606158e-01,5.582937540903641915e-01,-8.999999946104780824e-01,-5.035167875683271843e-01,-2.041859423052273526e-01,-8.999999916637462238e-01,5.034767875684182936e-01,-2.041859423052505562e-01,-8.999999916637461128e-01,-3.999807788687200216e-01,5.582937540903744056e-01,-8.999999946104980664e-01,1.420092266838174355e-01,3.838526220678595280e+00,1.320574760654835700e-08,6.717931582284064618e-02,1.902314916977176917e-01,-6.578348976660208791e-10,-6.717931582289060621e-02,1.902314916977246306e-01,-6.578348976660208791e-10,-1.420092266837535977e-01,3.838526220678234679e+00,1.320629161583042332e-08
5.151515151515151381e-01,0.000000000000000000e+00,1.499999999999999944e-01,0.000000000000000000e+00,0.000000000000000000e+00,0.000000000000000000e+00,1.000000000000000000e+00,2.999999999999999889e-01,0.000000000000000000e+00,0.000000000000000000e+00,0.000000000000000000e+00,0.000000000000000000e+00,0.000000000000000000e+00,3.648471577967862117e-02,-2.230299999999999991e-02,-1.499999999999999944e-01,1.655881223063622731e-01,2.229700000000000085e-02,-1.499999999999999944e-01,1.583812230636227891e-02,-2.230299999999999991e-02,-1.499999999999999944e-01,-1.132652842203213939e-01,2.229700000000000085e-02,-1.499999999999999944e-01,4.027809634024369645e-01,6.350642785039360971e-01,-8.999999943463631302e-01,-5.021732012518703714e-01,-2.003813124712729987e-01,-8.999999916769029218e-01,5.021332012519604815e-01,-2.003813124712960636e-01,-8.999999916769028108e-01,-4.028209634023950936e-01,6.350642785039390947e-01,-8.999999943463722341e-01,1.709356963505409555e-01,2.774989200347532936e+00,1.327296605957428710e-08,1.278736981898037639e-01,3.671378150715762234e-01,-1.282773887112398370e-09,-1.278736981899009084e-01,3.671378150716220201e-01,-1.282773887112398370e-09,-1.709356963504771176e-01,2.774989200347327767e+00,1.327326026867581277e-08
5.212121212121212377e-01,0.000000000000000000e+00,1.499999999999999944e-01,0.000000000000000000e+00,0.000000000000000000e+00,0.000000000000000000e+00,1.000000000000000000e+00,2.999999999999999889e-01,0.000000000000000000e+00,0.000000000000000000e+00,0.000000000000000000e+00,0.000000000000000000e+00,0.000000000000000000e+00,2.864208619216417062e-02,-2.230299999999999991e-02,-1.499999999999999944e-01,1.641137114301400579e-01,2.229700000000000085e-02,-1.499999999999999944e-01,1.436371143014004981e-02,-2.230299999999999991e-02,-1.499999999999999944e-01,-1.211079138078358375e-01,2.229700000000000085e-02,-1.499999999999999944e-01,4.061996773294477836e-01,6.905640625108867559e-01,-8.999999940809038090e-01,-4.996157272880742961e-01,-1.930385561698414743e-01,-8.999999917025583995e-01,4.995757272881624633e-01,-1.930385561698636232e-01,-8.999999917025582885e-01,-4.062396773294046359e-01,6.905640625108856456e-01,-8.999999940809070287e-01,1.399422654703497138e-01,1.768829552459355581e+00,9.265688216686385204e-09,1.849842235094489862e-01,5.432442592943440562e-01,-1.930144932771327149e-09,-1.849842235095933152e-01,5.432442592943995674e-01,-1.930144932771327149e-09,-1.399422654703053048e-01,1.768829552459261212e+00,9.265804790103970845e-09
5.272727272727273373e-01,0.000000000000000000e+00,1.499999999999999944e-01,0.000000000000000000e+00,0.000000000000000000e+00,0.000000000000000000e+00,1.000000000000000000e+00,2.999999999999999889e-01,0.000000000000000000e+00,0.000000000000000000e+00,0.000000000000000000e+00,0.000000000000000000e+00,0.000000000000000000e+00,2.357578886642011651e-02,-2.230299999999999991e-02,-1.499999999999999944e-01,1.619532971055886450e-01,2.229700000000000085e-02,-1.499999999999999944e-01,1.220329710558862302e-02,-2.230299999999999991e-02,-1.499999999999999944e-01,-1.261742111335799055e-01,2.229700000000000085e-02,-1.499999999999999944e-01,4.089985226388547779e-01,7.259406535600738675e-01,-8.999999938955900447e-01,-4.959160428178853164e-01,-1.821736709839545942e-01,-8.999999917411612982e-01,4.958760428179705970e-01,-1.821736709839756330e-01,-8.999999917411611872e-01,-4.090385226388107420e-01,7.259406535600708699e-01,-8.999999938955909329e-01,8.501056188225664112e-02,9.456288081238994891e-01,5.091999044637418592e-09,2.324890375823868149e-01,7.042635334227304034e-01,-2.559646938848914033e-09,-2.324890375825422462e-01,7.042635334227859145e-01,-2.559646938848914033e-09,-8.501056188222610999e-02,9.456288081238606313e-01,5.092037902443280473e-09
5.333333333333333259e-01,0.000000000000000000e+00,1.499999999999999944e-01,0.000000000000000000e+00,0.000000000000000000e+00,0.000000000000000000e+00,1.000000000000000000e+00,2.999999999999999889e-01,0.000000000000000000e+00,0.000000000000000000e+00,0.000000000000000000e+00,0.000000000000000000e+00,0.000000000000000000e+00,2.084136408624469305e-02,-2.230299999999999991e-02,-1.499999999999999944e-01,1.591892635234603004e-01,2.229700000000000085e-02,-1.499999999999999944e-01,9.439263523460292293e-03,-2.230299999999999991e-02,-1.499999999999999944e-01,-1.289086359137553151e-01,2.229700000000000085e-02,-1.499999999999999944e-01,4.106987338764999107e-01,7.448532297225518573e-01,-8.999999937937500638e-01,-4.912662620662375801e-01,-1.680884003154999862e-01,-8.999999917923542370e-01,4.912262620663197521e-01,-1.680884003155199147e-01,-8.999999917923541259e-01,-4.107387338764552642e-01,7.448532297225480825e-01,-8.999999937937501748e-01,3.560104459671697974e-02,3.738000316189427075e-01,2.030037249411975608e-09,2.694105311786071377e-01,8.483296066343417596e-01,-3.170030904442455721e-09,-2.694105311787958756e-01,8.483296066344168107e-01,-3.170030904442455721e-09,-3.560104459670865307e-02,3.738000316189149519e-01,2.030048351642221860e-09
5.393939393939394256e-01,0.000000000000000000e+00,1.499999999999999944e-01,0.000000000000000000e+00,0.000000000000000000e+00,0.000000000000000000e+00,1.000000000000000000e+00,2.999999999999999889e-01,0.000000000000000000e+00,0.000000000000000000e+00,0.000000000000000000e+00,0.000000000000000000e+00,0.000000000000000000e+00,1.975498331281611009e-02,-2.230299999999999991e-02,-1.499999999999999944e-01,1.559130052005568423e-01,2.229700000000000085e-02,-1.499999999999999944e-01,6.163005200556834207e-03,-2.230299999999999991e-02,-1.499999999999999944e-01,-1.299950166871838841e-01,2.229700000000000085e-02,-1.499999999999999944e-01,4.114107547684342503e-01,7.523292303549307114e-01,-8.999999937531493188e-01,-4.858780514426654373e-01,-1.511218081828131499e-01,-8.999999918557548551e-01,4.858380514427438346e-01,-1.511218081828315796e-01,-8.999999918557547440e-01,-4.114507547683894373e-01,7.523292303549263815e-01,-8.999999937531492078e-01,6.832595500966265334e-03,7.039847462023685054e-02,3.831823747191265284e-10,2.974534979177101413e-01,9.805417967662405365e-01,-3.839173423614283820e-09,-2.974534979178988792e-01,9.805417967663112577e-01,-3.839167872499160694e-09,-6.832595500960714219e-03,7.039847462023685054e-02,3.831879258342496541e-10
5.454545454545455252e-01,0.000000000000000000e+00,1.499999999999999944e-01,0.000000000000000000e+00,0.000000000000000000e+00,0.000000000000000000e+00,1.000000000000000000e+00,2.999999999999999889e-01,0.000000000000000000e+00,0.000000000000000000e+00,0.000000000000000000e+00,0.000000000000000000e+00,0.000000000000000000e+00,1.955002104427902565e-02,-2.230299999999999991e-02,-1.499999999999999944e-01,1.521955641413529348e-01,2.229700000000000085e-02,-1.499999999999999944e-01,2.445564141352926657e-03,-2.230299999999999991e-02,-1.499999999999999944e-01,-1.301999789557209963e-01,2.229700000000000085e-02,-1.499999999999999944e-01,4.115474066784535756e-01,7.537371998473354484e-01,-8.999999937454856713e-01,-4.799289814843112345e-01,-1.315109722474883391e-01,-8.999999919325383235e-01,4.798889814843858570e-01,-1.315109722475053533e-01,-8.999999919325381015e-01,-4.115874066784086516e-01,7.537371998473311185e-01,-8.999999937454854493e-01,-1.610739112808956541e-03,-1.654463033039510478e-02,-1.732991528058391850e-09,3.191480037631283517e-01,1.108952799298867919e+00,-4.439160150582210917e-09,-3.191480037633143141e-01,1.108952799298937197e+00,-4.439160150582210917e-09,1.608075488490623428e-03,-1.654463033040065589e-02,-1.732985976943268724e-09
5.515151515151515138e-01,0.000000000000000000e+00,1.499999999999999944e-01,0.000000000000000000e+00,0.000000000000000000e+00,0.000000000000000000e+00,1.000000000000000000e+00,2.999999999999999889e-01,0.000000000000000000e+00,0.000000000000000000e+00,0.000000000000000000e+00,0.000000000000000000e+00,0.000000000000000000e+00,1.964668288438579935e-02,-2.230299999999999991e-02,-1.498004938802941222e-01,1.480766427263792429e-01,2.229700000000000085e-02,-1.499999999999999944e-01,-1.673357273620765251e-03,-2.230299999999999991e-02,-1.499999999999999944e-01,-1.301033171156142088e-01,2.229700000000000085e-02,-1.498004938802941222e-01,4.115151918961973965e-01,7.534063072407275463e-01,-8.999999937801455019e-01,-4.735460214090486675e-01,-1.093319162615109807e-01,-8.999999920213215265e-01,4.735060214091195707e-01,-1.093319162615266071e-01,-8.999999920213213045e-01,-4.115552451686388391e-01,7.534063072407231054e-01,-8.999999937801451688e-01,-5.241294518682493297e-02,-5.516310010156399990e-01,-4.469794534500692862e-08,3.366023342791707451e-01,1.241631914597701059e+00,-5.167938299521779300e-09,-3.366023342793594830e-01,1.241631914597771225e+00,-5.167943850636902425e-09,5.234845894971085212e-02,-5.516310010156344479e-01,-4.469794534500692862e-08
5.575757575757576134e-01,0.000000000000000000e+00,1.499999999999999944e-01,0.000000000000000000e+00,0.000000000000000000e+00,0.000000000000000000e+00,1.000000000000000000e+00,2.999999999999999889e-01,0.000000000000000000e+00,0.000000000000000000e+00,0.000000000000000000e+00,0.000000000000000000e+00,0.000000000000000000e+00,2.233302306352888400e-02,-2.230299999999999991e-02,-1.451273589673283404e-01,1.435664532378649050e-01,2.229700000000000085e-02,-1.499999999999999944e-01,-6.183546762135096186e-03,-2.230299999999999991e-02,-1.499999999999999944e-01,-1.274169769364711380e-01,2.229700000000000085e-02,-1.451273589673283404e-01,4.104669329924608978e-01,7.423736872204147463e-01,-8.999999946741044088e-01,-4.668139747234652526e-01,-8.449927796955696013e-02,-8.999999921246802925e-01,4.667739747235323811e-01,-8.449927796957118487e-02,-8.999999921246801815e-01,-4.105082759896446221e-01,7.423736872204104165e-01,-8.999999946741040757e-01,-1.861812996440254109e-01,-2.219689722464324166e+00,-4.261603958610749032e-07,3.560872029157780005e-01,1.406099812421141015e+00,-6.102801597407392364e-09,-3.560872029159500851e-01,1.406099812421197637e+00,-6.102801597407392364e-09,1.860024927621883872e-01,-2.219689722464901482e+00,-4.261593411492015093e-07
5.636363636363636020e-01,0.000000000000000000e+00,1.499999999999999944e-01,0.000000000000000000e+00,0.000000000000000000e+00,0.000000000000000000e+00,1.000000000000000000e+00,2.999999999999999889e-01,0.000000000000000000e+00,0.000000000000000000e+00,0.000000000000000000e+00,0.000000000000000000e+00,0.000000000000000000e+00,3.070214886837775714e-02,-2.230299999999999991e-02,-1.335733650341562884e-01,1.385801477568660844e-01,2.229700000000000085e-02,-1.499999999999999944e-01,-1.116985224313393060e-02,-2.230299999999999991e-02,-1.499999999999999944e-01,-1.190478511316222510e-01,2.229700000000000085e-02,-1.335733650341562884e-01,4.067433069995803896e-01,6.979798927711282630e-01,-9.000000031973123260e-01,-4.596922306651496926e-01,-5.637728172113413982e-02,-8.999999922467363245e-01,4.596522306652133794e-01,-5.637728172114723352e-02,-8.999999922467362135e-01,-4.067882261344008543e-01,6.979798927711123868e-01,-9.000000031972908987e-01,1.292436919544251328e+00,3.124310132621027414e+00,-1.490746141880427977e+01,3.895034813767239701e-01,1.666779113224352349e+00,-7.571343552115195052e-09,-3.895034813769127080e-01,1.666779113224441167e+00,-7.571343552115195052e-09,-1.292715896464410985e+00,3.124310132601198831e+00,-1.490746141876930153e+01
5.696969696969697017e-01,0.000000000000000000e+00,1.499999999999999944e-01,0.000000000000000000e+00,0.000000000000000000e+00,0.000000000000000000e+00,1.000000000000000000e+00,2.999999999999999889e-01,0.000000000000000000e+00,0.000000000000000000e+00,0.000000000000000000e+00,0.000000000000000000e+00,0.000000000000000000e+00,4.534378961447437656e-02,-2.230299999999999991e-02,-1.188150024051904952e-01,1.328239933761299896e-01,2.229700000000000085e-02,-1.499999999999999944e-01,-1.692600662387001853e-02,-2.230299999999999991e-02,-1.499999999999999944e-01,-1.044062103855256385e-01,2.229700000000000085e-02,-1.188150024051904952e-01,4.325920453904654184e-01,7.604660954235488157e-01,-1.198149231573397921e+00,-4.519021610376152132e-01,-2.304169945664709049e-02,-8.999999923981631955e-01,4.518621610376751252e-01,-2.304169945665841476e-02,-8.999999923981630845e-01,-4.326425440636890718e-01,7.604660954231363679e-01,-1.198149231572676943e+00,2.810170842806480884e+00,6.523304444702171523e-02,-1.740974998844103538e+01,4.318331527269431147e-01,2.041022344675058608e+00,-9.746414786349077986e-09,-4.318331527271318526e-01,2.041022344675137212e+00,-9.746425888579324237e-09,-2.810474012523739518e+00,6.523304446235389520e-02,-1.740974998846730415e+01
5.757575757575758013e-01,0.000000000000000000e+00,1.499999999999999944e-01,0.000000000000000000e+00,0.000000000000000000e+00,0.000000000000000000e+00,1.000000000000000000e+00,2.999999999999999889e-01,0.000000000000000000e+00,0.000000000000000000e+00,0.000000000000000000e+00,0.000000000000000000e+00,0.000000000000000000e+00,6.549929255002456818e-02,-2.230299999999999991e-02,-1.060781586930063108e-01,1.259834881441061760e-01,2.229700000000000085e-02,-1.499999999999999944e-01,-2.376651185589382514e-02,-2.230299999999999991e-02,-1.499999999999999944e-01,-8.425070744997543992e-02,2.229700000000000085e-02,-1.060781586930063108e-01,4.887954622465950361e-01,7.617707563124892500e-01,-1.546344231342218656e+00,-4.432654979830763509e-01,1.777874743685407821e-02,-8.999999925930914912e-01,4.432254979831324881e-01,1.777874743684432907e-02,-8.999999925930916023e-01,-4.888520243141638577e-01,7.617707563123834458e-01,-1.546344231342023035e+00,1.603898851368193323e+00,-1.273010689149625740e+01,-1.158549583360080071e+00,4.732458686178192542e-01,2.541226007529611586e+00,-1.273602334705969952e-08,-4.732458686180024410e-01,2.541226007529680420e+00,-1.273599559148408389e-08,-1.604067941078163306e+00,-1.273010689149651853e+01,-1.158549583356016655e+00
5.818181818181817899e-01,0.000000000000000000e+00,1.499999999999999944e-01,0.000000000000000000e+00,0.000000000000000000e+00,0.000000000000000000e+00,1.000000000000000000e+00,2.999999999999999889e-01,0.000000000000000000e+00,0.000000000000000000e+00,0.000000000000000000e+00,0.000000000000000000e+00,0.000000000000000000e+00,8.960586809483372939e-02,-2.230299999999999991e-02,-1.000936508613736731e-01,1.177511963760010938e-01,2.229700000000000085e-02,-1.499999999999999944e-01,-3.199880362399891431e-02,-2.230299999999999991e-02,-1.499999999999999944e-01,-6.014413190516627872e-02,2.229700000000000085e-02,-1.000936508613736731e-01,5.208734392739589047e-01,5.071686184825641153e-01,-1.569515223009420257e+00,-4.338005806107199658e-01,6.860326758744630937e-02,-8.999999928478119582e-01,4.337605806107724393e-01,6.860326758743794107e-02,-8.999999928478115141e-01,-5.209333831357271238e-01,5.071686184824530930e-01,-1.569515223009143368e+00,-1.042044531395125428e+00,-2.122815774158862823e+01,1.890668802036482532e+01,4.980582282238243952e-01,3.167597069309696423e+00,-1.610309108279750490e-08,-4.980582282240020309e-01,3.167597069309788793e+00,-1.610310773614287427e-08,1.042154047923510296e+00,-2.122815774159055380e+01,1.890668802036906726e+01
5.878787878787878896e-01,0.000000000000000000e+00,1.499999999999999944e-01,0.000000000000000000e+00,0.000000000000000000e+00,0.000000000000000000e+00,1.000000000000000000e+00,2.999999999999999889e-01,0.000000000000000000e+00,0.000000000000000000e+00,0.000000000000000000e+00,0.000000000000000000e+00,0.000000000000000000e+00,1.151440558889950672e-01,-2.230299999999999991e-02,-1.038897509929125051e-01,1.078689946950886769e-01,2.229700000000000085e-02,-1.499999999999999944e-01,-4.188100530491133122e-02,-2.230299999999999991e-02,-1.499999999999999944e-01,-3.460594411100494094e-02,2.229700000000000085e-02,-1.038897509929125051e-01,5.000325486460563962e-01,8.260546365079152187e-02,-1.191381462602123742e+00,-4.238394160462434779e-01,1.319552089736402423e-01,-8.999999931698737798e-01,4.237994160462923987e-01,1.319552089736337197e-01,-8.999999931698736688e-01,-5.000903021772569179e-01,8.260546365064205809e-02,-1.191381462601762031e+00,-2.247912737227408808e-01,-1.318923167523846374e+01,1.456907324743467669e+01,4.838751282887410188e-01,3.882033364001272080e+00,-2.010592248247178304e-08,-4.838751282889020011e-01,3.882033364001352460e+00,-2.010591138024153679e-08,2.251147410639808832e-01,-1.318923167523142226e+01,1.456907324742061682e+01
5.939393939393939892e-01,0.000000000000000000e+00,1.499999999999999944e-01,0.000000000000000000e+00,0.000000000000000000e+00,0.000000000000000000e+00,1.000000000000000000e+00,2.999999999999999889e-01,0.000000000000000000e+00,0.000000000000000000e+00,0.000000000000000000e+00,0.000000000000000000e+00,0.000000000000000000e+00,1.384978692824477553e-01,-2.230299999999999991e-02,-1.169951332152724122e-01,9.622523344583498728e-02,2.229700000000000085e-02,-1.499999999999999944e-01,-5.352476655416501389e-02,-2.230299999999999991e-02,-1.499999999999999944e-01,-1.125213071755225280e-02,2.229700000000000085e-02,-1.169951332152724122e-01,4.955367231716015786e-01,-1.811791698539777506e-01,-8.999999976534301949e-01,-4.141619134804686575e-01,2.095958762536656861e-01,-8.999999935719922295e-01,4.141219134805143587e-01,2.095958762536607733e-01,-8.999999935719918964e-01,-4.955880073559773003e-01,-1.811791698539863549e-01,-8.999999976533497037e-01,5.105503788891629924e-01,-1.468177723256502976e+00,2.581642621901636403e-07,4.071975060406629598e-01,4.568876858843100131e+00,-2.508978580451071139e-08,-4.071975060408156155e-01,4.568876858842946476e+00,-2.508933061307061507e-08,-5.102254107909487413e-01,-1.468177723254565636e+00,2.581602265294691279e-07
